"_time","Mean (AHT20)","Mean (SDC40)","Mean (Other sensors)"
2025-09-04 12:10:00,36.4,36.2,44.4
2025-09-04 12:20:00,34.6,35.3,44.1
2025-09-04 12:30:00,34.5,36.0,43.7
2025-09-04 12:40:00,35.3,35.5,43.4
2025-09-04 12:50:00,36.2,34.7,43.3
2025-09-04 13:00:00,36.7,34.9,43.5
2025-09-04 13:10:00,36.5,34.9,43.2
2025-09-04 13:20:00,36.2,34.5,43.0
2025-09-04 13:30:00,36.5,34.3,43.3
2025-09-04 13:40:00,36.5,34.3,43.0
2025-09-04 13:50:00,36.0,34.1,42.5
2025-09-04 14:00:00,36.2,34.5,42.6
2025-09-04 14:10:00,35.7,34.2,42.4
2025-09-04 14:20:00,35.4,33.6,42.3
2025-09-04 14:30:00,36.0,33.9,42.6
2025-09-04 14:40:00,34.9,33.7,42.7
2025-09-04 14:50:00,35.2,33.9,42.9
2025-09-04 15:00:00,36.6,34.8,43.2
2025-09-04 15:10:00,37.0,34.8,43.2
2025-09-04 15:20:00,36.8,35.4,43.5
2025-09-04 15:30:00,37.0,35.5,43.8
2025-09-04 15:40:00,37.0,35.8,43.7
2025-09-04 15:50:00,36.9,35.3,44.2
2025-09-04 16:00:00,37.2,35.7,44.3
2025-09-04 16:10:00,37.9,35.8,44.3
2025-09-04 16:20:00,37.3,35.7,44.3
2025-09-04 16:30:00,37.7,35.4,44.2
2025-09-04 16:40:00,37.2,35.7,44.2
2025-09-04 16:50:00,38.0,35.8,44.5
2025-09-04 17:00:00,38.2,36.8,45.2
2025-09-04 17:10:00,37.1,36.8,44.7
2025-09-04 17:20:00,37.4,36.7,44.9
2025-09-04 17:30:00,37.3,36.4,45.1
2025-09-04 17:40:00,37.4,36.8,45.5
2025-09-04 17:50:00,37.4,36.5,45.4
2025-09-04 18:00:00,37.4,36.9,45.7
2025-09-04 18:10:00,37.5,37.1,45.9
2025-09-04 18:20:00,37.7,36.6,46.1
2025-09-04 18:30:00,37.8,37.4,46.2
2025-09-04 18:40:00,37.7,37.1,46.0
2025-09-04 18:50:00,37.9,37.3,46.2
2025-09-04 19:00:00,38.0,37.4,46.4
2025-09-04 19:10:00,38.0,36.9,46.4
2025-09-04 19:20:00,38.1,36.7,46.4
2025-09-04 19:30:00,38.1,37.8,46.7
2025-09-04 19:40:00,38.2,37.9,46.8
2025-09-04 19:50:00,38.3,38.0,46.7
2025-09-04 20:00:00,38.3,38.0,46.8
2025-09-04 20:10:00,38.3,37.2,46.8
2025-09-04 20:20:00,38.4,37.6,46.7
2025-09-04 20:30:00,38.3,37.2,46.9
2025-09-04 20:40:00,38.4,37.1,46.9
2025-09-04 20:50:00,38.5,37.7,47.1
2025-09-04 21:00:00,38.5,37.2,47.2
2025-09-04 21:10:00,38.6,37.5,47.0
2025-09-04 21:20:00,38.7,37.9,47.0
2025-09-04 21:30:00,38.8,37.6,46.9
2025-09-04 21:40:00,38.8,37.2,47.1
2025-09-04 21:50:00,38.9,37.7,47.1
2025-09-04 22:00:00,39.3,37.6,47.4
2025-09-04 22:10:00,39.1,37.9,47.1
2025-09-04 22:20:00,39.1,37.9,47.1
2025-09-04 22:30:00,39.2,38.0,47.0
2025-09-04 22:40:00,39.1,37.8,47.2
2025-09-04 22:50:00,39.0,37.9,47.0
2025-09-04 23:00:00,39.1,38.8,47.4
2025-09-04 23:10:00,39.1,37.8,47.1
2025-09-04 23:20:00,39.1,37.5,47.0
2025-09-04 23:30:00,39.0,37.9,46.8
2025-09-04 23:40:00,38.9,37.4,46.7
2025-09-04 23:50:00,39.0,37.2,46.7
2025-09-05 00:00:00,39.1,37.7,46.5
2025-09-05 00:10:00,38.9,37.4,46.3
2025-09-05 00:20:00,38.9,37.5,46.4
2025-09-05 00:30:00,38.9,37.3,46.2
2025-09-05 00:40:00,38.9,37.6,46.5
2025-09-05 00:50:00,38.8,37.6,46.1
2025-09-05 01:00:00,38.7,37.2,46.1
2025-09-05 01:10:00,38.8,36.8,46.2
2025-09-05 01:20:00,38.8,36.8,45.9
2025-09-05 01:30:00,38.7,36.1,45.8
2025-09-05 01:40:00,38.8,37.6,45.7
2025-09-05 01:50:00,38.8,37.2,45.7
2025-09-05 02:00:00,38.7,35.8,45.6
2025-09-05 02:10:00,38.8,36.2,45.6
2025-09-05 02:20:00,38.7,37.0,45.5
2025-09-05 02:30:00,38.6,36.8,45.4
2025-09-05 02:40:00,38.6,35.8,45.5
2025-09-05 02:50:00,38.6,36.1,45.6
2025-09-05 03:00:00,38.8,36.3,45.5
2025-09-05 03:10:00,38.5,36.8,45.5
2025-09-05 03:20:00,38.4,36.0,45.6
2025-09-05 03:30:00,38.3,36.2,45.5
2025-09-05 03:40:00,38.3,36.7,45.4
2025-09-05 03:50:00,38.4,36.6,45.5
2025-09-05 04:00:00,38.3,36.2,45.6
2025-09-05 04:10:00,38.3,37.2,45.6
2025-09-05 04:20:00,38.1,36.9,45.5
2025-09-05 04:30:00,38.1,36.7,45.6
2025-09-05 04:40:00,38.2,36.4,45.6
2025-09-05 04:50:00,38.1,36.4,45.6
2025-09-05 05:00:00,38.1,36.1,45.5
2025-09-05 05:10:00,38.3,36.9,45.5
2025-09-05 05:20:00,38.2,36.1,45.4
2025-09-05 05:30:00,38.1,36.2,45.4
2025-09-05 05:40:00,37.9,36.2,45.5
2025-09-05 05:50:00,38.2,36.2,45.5
2025-09-05 06:00:00,38.0,36.3,45.5
2025-09-05 06:10:00,38.1,36.6,45.3
2025-09-05 06:20:00,38.1,36.6,45.5
2025-09-05 06:30:00,38.3,36.6,45.4
2025-09-05 06:40:00,38.3,36.6,45.4
2025-09-05 06:50:00,38.1,37.0,45.4
2025-09-05 07:00:00,38.2,36.8,45.5
2025-09-05 07:10:00,38.1,36.0,45.3
2025-09-05 07:20:00,38.1,36.2,45.3
2025-09-05 07:30:00,37.9,37.0,45.5
2025-09-05 07:40:00,37.9,36.6,45.4
2025-09-05 07:50:00,37.9,35.8,45.4
2025-09-05 08:00:00,37.9,36.6,45.3
2025-09-05 08:10:00,37.4,35.9,45.5
2025-09-05 08:20:00,36.7,35.6,45.5
2025-09-05 08:30:00,36.5,36.2,45.3
2025-09-05 08:40:00,36.6,35.6,45.3
2025-09-05 08:50:00,36.4,36.2,45.2
2025-09-05 09:00:00,36.6,35.2,45.0
2025-09-05 09:10:00,37.2,36.0,45.1
2025-09-05 09:20:00,37.9,36.1,45.3
2025-09-05 09:30:00,37.2,36.2,45.2
2025-09-05 09:40:00,37.0,35.6,44.9
2025-09-05 09:50:00,36.9,35.6,44.8
2025-09-05 10:00:00,36.7,35.1,44.3
2025-09-05 10:10:00,37.1,35.5,44.1
2025-09-05 10:20:00,37.1,35.8,44.1
2025-09-05 10:30:00,35.6,34.8,43.5
2025-09-05 10:40:00,34.2,33.6,43.3
2025-09-05 10:50:00,34.2,33.1,42.7
2025-09-05 11:00:00,33.9,33.3,42.6
2025-09-05 11:10:00,33.9,33.2,42.4
2025-09-05 11:20:00,33.9,33.5,42.4
2025-09-05 11:30:00,34.0,33.4,42.3
2025-09-05 11:40:00,33.7,33.2,42.2
2025-09-05 11:50:00,33.7,33.1,42.1
2025-09-05 12:00:00,35.2,33.5,42.0
2025-09-05 12:10:00,35.9,33.6,42.2
2025-09-05 12:20:00,35.0,33.5,41.7
2025-09-05 12:30:00,33.1,32.8,41.0
2025-09-05 12:40:00,32.7,32.1,40.6
2025-09-05 12:50:00,34.2,32.8,40.6
2025-09-05 13:00:00,34.6,32.9,40.9
2025-09-05 13:10:00,35.0,33.4,41.1
2025-09-05 13:20:00,34.1,32.5,40.5
2025-09-05 13:30:00,33.9,32.8,40.2
2025-09-05 13:40:00,33.4,32.0,40.0
2025-09-05 13:50:00,33.3,32.2,39.8
2025-09-05 14:00:00,32.7,31.5,39.6
2025-09-05 14:10:00,33.3,31.0,39.4
2025-09-05 14:20:00,33.4,31.0,39.4
2025-09-05 14:30:00,33.5,31.4,39.5
2025-09-05 14:40:00,33.9,31.9,39.7
2025-09-05 14:50:00,34.0,32.2,39.8
2025-09-05 15:00:00,33.6,31.8,39.5
2025-09-05 15:10:00,33.3,31.7,39.2
2025-09-05 15:20:00,32.7,31.2,39.0
2025-09-05 15:30:00,32.9,31.3,39.0
2025-09-05 15:40:00,32.4,31.0,38.7
2025-09-05 15:50:00,32.4,31.0,38.8
2025-09-05 16:00:00,32.0,30.4,38.1
2025-09-05 16:10:00,31.7,30.3,38.0
2025-09-05 16:20:00,31.2,29.7,37.6
2025-09-05 16:30:00,31.1,29.9,37.6
2025-09-05 16:40:00,31.1,30.1,37.4
2025-09-05 16:50:00,31.1,30.0,37.4
2025-09-05 17:00:00,30.8,29.9,37.2
2025-09-05 17:10:00,29.9,29.9,37.1
2025-09-05 17:20:00,29.8,29.5,37.2
2025-09-05 17:30:00,29.9,29.2,37.5
2025-09-05 17:40:00,29.8,29.8,37.4
2025-09-05 17:50:00,29.9,29.4,37.6
2025-09-05 18:00:00,29.9,29.3,37.7
2025-09-05 18:10:00,30.2,29.9,37.6
2025-09-05 18:20:00,30.1,30.1,37.8
2025-09-05 18:30:00,30.1,29.9,37.9
2025-09-05 18:40:00,30.3,29.5,37.8
2025-09-05 18:50:00,30.2,30.1,37.8
2025-09-05 19:00:00,30.3,29.5,37.9
2025-09-05 19:10:00,30.3,29.5,37.8
2025-09-05 19:20:00,30.2,29.8,37.8
2025-09-05 19:30:00,30.2,29.0,37.8
2025-09-05 19:40:00,30.2,30.4,37.8
2025-09-05 19:50:00,30.4,30.1,37.9
2025-09-05 20:00:00,30.8,30.4,37.9
2025-09-05 20:10:00,30.6,30.6,38.1
2025-09-05 20:20:00,30.6,30.7,38.2
2025-09-05 20:30:00,30.8,29.6,38.2
2025-09-05 20:40:00,30.9,30.4,38.5
2025-09-05 20:50:00,31.0,30.8,38.4
2025-09-05 21:00:00,30.8,30.4,38.6
2025-09-05 21:10:00,30.6,30.2,38.4
2025-09-05 21:20:00,30.6,30.5,38.3
2025-09-05 21:30:00,30.6,30.6,38.5
2025-09-05 21:40:00,30.7,30.4,38.3
2025-09-05 21:50:00,30.7,30.7,38.4
2025-09-05 22:00:00,30.5,31.6,38.2
2025-09-05 22:10:00,30.5,30.9,38.2
2025-09-05 22:20:00,30.7,30.6,38.1
2025-09-05 22:30:00,30.6,30.4,38.1
2025-09-05 22:40:00,30.7,29.6,38.3
2025-09-05 22:50:00,30.7,30.7,38.5
2025-09-05 23:00:00,30.9,30.6,38.3
2025-09-05 23:10:00,31.1,31.7,38.4
2025-09-05 23:20:00,31.2,30.6,38.5
2025-09-05 23:30:00,31.5,31.3,38.7
2025-09-05 23:40:00,31.6,31.0,38.9
2025-09-05 23:50:00,31.9,31.4,39.2
2025-09-06 00:00:00,32.1,31.3,39.3
2025-09-06 00:10:00,32.3,31.6,39.4
2025-09-06 00:20:00,32.4,32.4,39.6
2025-09-06 00:30:00,32.5,32.3,39.5
2025-09-06 00:40:00,32.7,32.1,39.6
2025-09-06 00:50:00,32.7,30.5,39.5
2025-09-06 01:00:00,32.8,31.5,39.5
2025-09-06 01:10:00,32.7,31.3,39.6
2025-09-06 01:20:00,32.5,31.3,39.4
2025-09-06 01:30:00,32.4,31.5,39.4
2025-09-06 01:40:00,32.5,31.0,39.6
2025-09-06 01:50:00,32.5,31.7,39.3
2025-09-06 02:00:00,32.6,30.8,39.3
2025-09-06 02:10:00,32.6,32.1,39.2
2025-09-06 02:20:00,32.4,31.7,39.1
2025-09-06 02:30:00,32.4,31.5,39.1
2025-09-06 02:40:00,32.6,30.3,39.2
2025-09-06 02:50:00,32.6,32.0,39.1
2025-09-06 03:00:00,32.7,31.2,39.2
2025-09-06 03:10:00,32.5,31.4,39.2
2025-09-06 03:20:00,32.3,31.2,39.3
2025-09-06 03:30:00,32.8,31.1,39.5
2025-09-06 03:40:00,32.3,31.7,39.6
2025-09-06 03:50:00,32.6,31.8,39.6
2025-09-06 04:00:00,32.3,31.9,39.8
2025-09-06 04:10:00,32.5,31.7,39.8
2025-09-06 04:20:00,32.4,32.3,39.8
2025-09-06 04:30:00,32.5,32.0,39.9
2025-09-06 04:40:00,32.7,32.2,40.2
2025-09-06 04:50:00,32.8,32.4,40.2
2025-09-06 05:00:00,32.7,32.7,40.3
2025-09-06 05:10:00,32.8,32.1,40.3
2025-09-06 05:20:00,32.9,32.3,40.5
2025-09-06 05:30:00,32.9,32.6,40.5
2025-09-06 05:40:00,33.0,32.7,40.5
2025-09-06 05:50:00,33.3,32.7,40.6
2025-09-06 06:00:00,33.1,32.8,40.6
2025-09-06 06:10:00,32.9,32.9,40.7
2025-09-06 06:20:00,33.2,33.1,40.8
2025-09-06 06:30:00,33.1,32.7,41.1
2025-09-06 06:40:00,33.0,33.3,40.9
2025-09-06 06:50:00,33.3,33.1,41.2
2025-09-06 07:00:00,33.2,33.2,41.2
2025-09-06 07:10:00,33.3,32.9,41.4
2025-09-06 07:20:00,33.4,33.6,41.2
2025-09-06 07:30:00,33.5,33.5,41.4
2025-09-06 07:40:00,33.6,34.0,41.7
2025-09-06 07:50:00,33.3,33.9,41.6
2025-09-06 08:00:00,33.4,34.5,42.1
2025-09-06 08:10:00,33.1,34.4,41.8
2025-09-06 08:20:00,33.4,34.0,41.8
2025-09-06 08:30:00,33.2,34.2,41.8
2025-09-06 08:40:00,33.4,33.7,41.9
2025-09-06 08:50:00,33.3,33.6,41.9
2025-09-06 09:00:00,33.2,33.5,41.8
2025-09-06 09:10:00,33.3,33.8,41.6
2025-09-06 09:20:00,33.3,33.4,41.7
2025-09-06 09:30:00,33.2,33.6,41.7
2025-09-06 09:40:00,33.0,33.3,41.5
2025-09-06 09:50:00,33.0,32.8,41.6
2025-09-06 10:00:00,33.1,33.0,41.3
2025-09-06 10:10:00,33.2,33.0,41.4
2025-09-06 10:20:00,33.0,32.6,41.3
2025-09-06 10:30:00,32.9,32.4,41.3
2025-09-06 10:40:00,32.6,32.4,40.7
2025-09-06 10:50:00,32.3,32.0,40.3
2025-09-06 11:00:00,32.2,31.7,40.3
2025-09-06 11:10:00,32.0,31.5,39.9
2025-09-06 11:20:00,31.6,31.7,39.9
2025-09-06 11:30:00,31.4,31.0,39.2
2025-09-06 11:40:00,31.1,31.5,39.1
2025-09-06 11:50:00,30.8,31.5,38.6
2025-09-06 12:00:00,30.5,30.4,38.4
2025-09-06 12:10:00,30.4,30.3,38.0
2025-09-06 12:20:00,30.3,30.0,37.9
2025-09-06 12:30:00,30.4,30.2,37.8
2025-09-06 12:40:00,30.4,29.9,37.7
2025-09-06 12:50:00,30.3,30.3,37.5
2025-09-06 13:00:00,30.0,30.0,37.6
2025-09-06 13:10:00,30.2,30.0,37.3
2025-09-06 13:20:00,29.9,29.9,37.4
2025-09-06 13:30:00,30.0,29.8,37.2
2025-09-06 13:40:00,29.8,29.6,37.1
2025-09-06 13:50:00,29.6,29.4,36.9
2025-09-06 14:00:00,29.6,29.5,37.0
2025-09-06 14:10:00,29.4,29.3,36.6
2025-09-06 14:20:00,29.2,29.2,36.3
2025-09-06 14:30:00,28.9,29.5,35.9
2025-09-06 14:40:00,28.8,28.6,36.0
2025-09-06 14:50:00,28.8,28.8,35.9
2025-09-06 15:00:00,28.8,28.6,35.6
2025-09-06 15:10:00,28.5,28.6,35.3
2025-09-06 15:20:00,28.1,28.7,35.1
2025-09-06 15:30:00,27.8,28.0,34.8
2025-09-06 15:40:00,27.6,27.7,34.5
2025-09-06 15:50:00,27.5,27.7,34.5
2025-09-06 16:00:00,27.4,27.9,34.5
2025-09-06 16:10:00,27.4,27.7,34.2
2025-09-06 16:20:00,27.4,28.1,34.0
2025-09-06 16:30:00,27.1,27.5,33.9
2025-09-06 16:40:00,26.8,27.2,33.8
2025-09-06 16:50:00,26.8,27.1,33.8
2025-09-06 17:00:00,26.6,26.9,33.8
2025-09-06 17:10:00,27.0,27.1,33.7
2025-09-06 17:20:00,26.6,27.4,34.0
2025-09-06 17:30:00,26.7,26.8,34.1
2025-09-06 17:40:00,26.8,27.4,34.1
2025-09-06 17:50:00,26.9,27.6,33.9
2025-09-06 18:00:00,26.7,27.0,34.0
2025-09-06 18:10:00,26.7,27.3,34.2
2025-09-06 18:20:00,26.6,27.4,34.1
2025-09-06 18:30:00,26.6,27.0,34.2
2025-09-06 18:40:00,26.9,27.6,34.1
2025-09-06 18:50:00,26.9,26.8,34.2
2025-09-06 19:00:00,27.0,27.5,34.3
2025-09-06 19:10:00,26.9,26.5,34.2
2025-09-06 19:20:00,27.2,27.3,34.4
2025-09-06 19:30:00,27.3,27.6,34.3
2025-09-06 19:40:00,27.4,27.9,34.4
2025-09-06 19:50:00,27.4,27.2,34.3
2025-09-06 20:00:00,27.4,26.9,34.4
2025-09-06 20:10:00,27.4,27.2,34.3
2025-09-06 20:20:00,27.2,28.7,34.3
2025-09-06 20:30:00,27.3,27.6,34.5
2025-09-06 20:40:00,27.3,27.9,34.5
2025-09-06 20:50:00,27.2,27.7,34.6
2025-09-06 21:00:00,27.6,27.6,34.8
2025-09-06 21:10:00,27.7,28.1,34.9
2025-09-06 21:20:00,27.6,28.0,34.8
2025-09-06 21:30:00,27.9,27.4,35.1
2025-09-06 21:40:00,28.1,27.7,35.1
2025-09-06 21:50:00,28.1,28.6,35.1
2025-09-06 22:00:00,28.0,28.5,35.1
2025-09-06 22:10:00,28.2,28.3,35.3
2025-09-06 22:20:00,28.3,28.2,35.3
2025-09-06 22:30:00,28.4,28.1,35.5
2025-09-06 22:40:00,28.7,28.3,35.7
2025-09-06 22:50:00,28.8,28.6,35.7
2025-09-06 23:00:00,28.9,28.7,35.9
2025-09-06 23:10:00,28.9,28.5,36.1
2025-09-06 23:20:00,29.3,28.5,36.3
2025-09-06 23:30:00,29.5,29.7,36.4
2025-09-06 23:40:00,29.3,28.8,36.7
2025-09-06 23:50:00,29.7,29.2,36.6
2025-09-07 00:00:00,29.9,29.8,36.7
2025-09-07 00:10:00,30.0,29.6,37.0
2025-09-07 00:20:00,30.2,29.5,36.9
2025-09-07 00:30:00,30.2,29.4,37.1
2025-09-07 00:40:00,30.4,29.6,37.1
2025-09-07 00:50:00,30.5,30.0,37.1
2025-09-07 01:00:00,30.4,30.3,37.4
2025-09-07 01:10:00,30.7,30.0,37.4
2025-09-07 01:20:00,30.7,30.0,37.5
2025-09-07 01:30:00,30.7,29.8,37.3
2025-09-07 01:40:00,30.6,30.8,37.5
2025-09-07 01:50:00,30.6,29.8,37.5
2025-09-07 02:00:00,30.5,29.7,37.7
2025-09-07 02:10:00,30.9,30.6,37.7
2025-09-07 02:20:00,30.8,31.2,37.7
2025-09-07 02:30:00,30.9,29.8,37.8
2025-09-07 02:40:00,30.9,30.6,37.9
2025-09-07 02:50:00,31.2,30.0,38.0
2025-09-07 03:00:00,30.9,30.2,37.9
2025-09-07 03:10:00,31.0,30.1,38.0
2025-09-07 03:20:00,31.0,30.7,38.2
2025-09-07 03:30:00,31.1,30.4,38.0
2025-09-07 03:40:00,31.1,30.4,38.2
2025-09-07 03:50:00,31.0,30.3,38.3
2025-09-07 04:00:00,31.3,31.0,38.3
2025-09-07 04:10:00,31.3,31.4,38.4
2025-09-07 04:20:00,31.2,30.5,38.5
2025-09-07 04:30:00,31.5,30.6,38.4
2025-09-07 04:40:00,31.5,30.8,38.7
2025-09-07 04:50:00,31.6,31.4,38.5
2025-09-07 05:00:00,31.7,30.6,38.6
2025-09-07 05:10:00,31.5,30.9,38.6
2025-09-07 05:20:00,31.2,31.0,38.7
2025-09-07 05:30:00,31.3,31.0,38.6
2025-09-07 05:40:00,31.4,31.2,38.6
2025-09-07 05:50:00,31.3,30.6,38.6
2025-09-07 06:00:00,31.2,30.8,38.6
2025-09-07 06:10:00,31.5,30.9,38.8
2025-09-07 06:20:00,31.0,31.0,39.0
2025-09-07 06:30:00,31.8,31.0,38.9
2025-09-07 06:40:00,31.6,31.0,38.8
2025-09-07 06:50:00,31.6,31.4,39.1
2025-09-07 07:00:00,31.7,30.9,39.0
2025-09-07 07:10:00,31.8,31.1,39.0
2025-09-07 07:20:00,31.6,31.5,39.2
2025-09-07 07:30:00,31.5,31.3,39.3
2025-09-07 07:40:00,31.7,31.7,39.4
2025-09-07 07:50:00,31.5,31.8,39.4
2025-09-07 08:00:00,31.9,32.5,39.7
2025-09-07 08:10:00,31.9,32.7,39.9
2025-09-07 08:20:00,31.7,32.3,40.0
2025-09-07 08:30:00,31.4,32.0,39.8
2025-09-07 08:40:00,31.9,32.6,40.1
2025-09-07 08:50:00,31.8,32.0,39.9
2025-09-07 09:00:00,31.6,31.7,40.0
2025-09-07 09:10:00,31.5,31.6,39.8
2025-09-07 09:20:00,31.1,32.0,39.8
2025-09-07 09:30:00,31.4,32.2,39.7
2025-09-07 09:40:00,31.2,31.8,39.7
2025-09-07 09:50:00,31.2,31.3,39.6
2025-09-07 10:00:00,31.0,31.6,39.4
2025-09-07 10:10:00,31.3,31.4,39.3
2025-09-07 10:20:00,31.0,31.8,39.5
2025-09-07 10:30:00,31.7,31.4,39.6
2025-09-07 10:40:00,30.9,31.4,39.4
2025-09-07 10:50:00,31.1,31.3,39.6
2025-09-07 11:00:00,31.1,31.6,39.5
2025-09-07 11:10:00,31.3,31.1,39.4
2025-09-07 11:20:00,31.4,31.6,39.6
2025-09-07 11:30:00,30.9,31.4,39.7
2025-09-07 11:40:00,30.7,31.1,39.3
2025-09-07 11:50:00,30.7,30.7,39.4
2025-09-07 12:00:00,30.8,30.7,39.5
2025-09-07 12:10:00,30.9,31.0,39.2
2025-09-07 12:20:00,31.3,30.5,39.2
2025-09-07 12:30:00,31.3,30.8,39.0
2025-09-07 12:40:00,31.0,30.7,39.0
2025-09-07 12:50:00,30.8,31.0,39.1
2025-09-07 13:00:00,31.1,30.6,38.7
2025-09-07 13:10:00,30.6,31.3,39.1
2025-09-07 13:20:00,31.0,30.5,39.0
2025-09-07 13:30:00,30.8,30.2,38.9
2025-09-07 13:40:00,30.8,30.9,38.8
2025-09-07 13:50:00,30.8,30.9,38.7
2025-09-07 14:00:00,30.9,30.0,38.7
2025-09-07 14:10:00,30.7,30.0,38.6
2025-09-07 14:20:00,30.6,30.5,38.8
2025-09-07 14:30:00,30.7,30.1,38.5
2025-09-07 14:40:00,30.5,30.3,38.2
2025-09-07 14:50:00,30.7,30.5,38.3
2025-09-07 15:00:00,30.8,30.6,38.3
2025-09-07 15:10:00,31.0,30.5,38.4
2025-09-07 15:20:00,30.3,30.8,38.6
2025-09-07 15:30:00,31.0,30.5,38.6
2025-09-07 15:40:00,31.1,30.5,38.5
2025-09-07 15:50:00,31.1,30.8,38.6
2025-09-07 16:00:00,31.2,29.3,39.0
2025-09-07 16:10:00,31.1,30.6,39.0
2025-09-07 16:20:00,30.7,30.4,39.0
2025-09-07 16:30:00,31.1,30.8,38.8
2025-09-07 16:40:00,31.0,30.5,38.9
2025-09-07 16:50:00,31.1,30.4,39.0
2025-09-07 17:00:00,31.0,30.8,39.1
2025-09-07 17:10:00,31.4,31.0,39.2
2025-09-07 17:20:00,31.5,31.2,39.3
2025-09-07 17:30:00,32.1,31.0,39.5
2025-09-07 17:40:00,32.1,31.1,39.3
2025-09-07 17:50:00,32.4,31.6,39.6
2025-09-07 18:00:00,32.3,31.2,39.8
2025-09-07 18:10:00,32.3,31.7,39.8
2025-09-07 18:20:00,32.6,31.3,40.1
2025-09-07 18:30:00,32.5,33.0,40.1
2025-09-07 18:40:00,32.9,32.2,40.2
2025-09-07 18:50:00,32.8,31.7,40.5
2025-09-07 19:00:00,32.5,31.8,40.7
2025-09-07 19:10:00,32.9,32.2,40.5
2025-09-07 19:20:00,32.8,32.6,40.7
2025-09-07 19:30:00,32.9,32.1,40.9
2025-09-07 19:40:00,33.1,33.6,40.9
2025-09-07 19:50:00,33.1,32.2,41.2
2025-09-07 20:00:00,33.0,32.9,41.5
2025-09-07 20:10:00,33.3,32.9,41.6
2025-09-07 20:20:00,33.6,33.8,41.5
2025-09-07 20:30:00,33.6,33.2,41.7
2025-09-07 20:40:00,33.5,33.3,41.6
2025-09-07 20:50:00,33.8,32.7,41.7
2025-09-07 21:00:00,33.6,33.5,41.6
2025-09-07 21:10:00,33.6,32.7,41.5
2025-09-07 21:20:00,33.8,32.6,41.3
2025-09-07 21:30:00,33.8,34.0,41.6
2025-09-07 21:40:00,33.8,32.8,41.5
2025-09-07 21:50:00,33.8,33.0,41.7
2025-09-07 22:00:00,33.9,33.5,41.7
2025-09-07 22:10:00,33.9,33.5,41.8
2025-09-07 22:20:00,34.1,33.1,41.7
2025-09-07 22:30:00,34.3,33.7,41.9
2025-09-07 22:40:00,34.3,33.1,41.8
2025-09-07 22:50:00,34.6,34.5,41.9
2025-09-07 23:00:00,34.6,33.0,42.1
2025-09-07 23:10:00,34.7,32.7,42.2
2025-09-07 23:20:00,34.8,34.1,42.3
2025-09-07 23:30:00,34.8,34.4,42.3
2025-09-07 23:40:00,34.6,33.8,42.3
2025-09-07 23:50:00,34.7,34.1,42.4
2025-09-08 00:00:00,34.6,33.6,42.4
2025-09-08 00:10:00,34.8,33.9,42.4
2025-09-08 00:20:00,34.7,33.8,42.6
2025-09-08 00:30:00,34.9,34.7,42.7
2025-09-08 00:40:00,34.8,34.7,42.7
2025-09-08 00:50:00,34.3,34.7,43.0
2025-09-08 01:00:00,34.5,34.2,42.8
2025-09-08 01:10:00,34.5,34.1,42.7
2025-09-08 01:20:00,34.6,34.0,42.8
2025-09-08 01:30:00,34.9,35.2,42.8
2025-09-08 01:40:00,34.8,34.9,42.9
2025-09-08 01:50:00,35.1,34.6,42.7
2025-09-08 02:00:00,34.8,34.3,43.2
2025-09-08 02:10:00,35.2,34.4,43.1
2025-09-08 02:20:00,35.2,34.9,43.1
2025-09-08 02:30:00,35.2,34.4,43.1
2025-09-08 02:40:00,35.4,35.4,43.3
2025-09-08 02:50:00,35.4,34.7,43.4
2025-09-08 03:00:00,35.8,35.2,43.5
2025-09-08 03:10:00,35.4,34.9,43.5
2025-09-08 03:20:00,36.0,35.1,43.6
2025-09-08 03:30:00,35.9,35.8,43.9
2025-09-08 03:40:00,36.3,36.1,44.1
2025-09-08 03:50:00,36.5,35.8,44.2
2025-09-08 04:00:00,36.7,35.6,44.5
2025-09-08 04:10:00,37.4,36.6,44.9
2025-09-08 04:20:00,37.5,36.5,44.9
2025-09-08 04:30:00,37.7,36.8,45.2
2025-09-08 04:40:00,38.2,36.4,45.5
2025-09-08 04:50:00,38.5,36.7,45.7
2025-09-08 05:00:00,38.8,37.1,46.1
2025-09-08 05:10:00,39.1,37.7,46.2
2025-09-08 05:20:00,39.4,37.2,46.4
2025-09-08 05:30:00,39.4,37.9,46.8
2025-09-08 05:40:00,39.6,37.5,46.8
2025-09-08 05:50:00,39.9,37.2,47.2
2025-09-08 06:00:00,39.7,38.0,47.1
2025-09-08 06:10:00,40.0,37.8,47.2
2025-09-08 06:20:00,40.2,37.5,47.6
2025-09-08 06:30:00,40.3,36.8,47.5
2025-09-08 06:40:00,39.9,38.8,47.3
2025-09-08 06:50:00,40.0,38.3,47.5
2025-09-08 07:00:00,39.7,38.7,47.4
2025-09-08 07:10:00,39.9,37.8,47.1
2025-09-08 07:20:00,39.6,37.9,47.0
2025-09-08 07:30:00,39.4,37.7,47.0
2025-09-08 07:40:00,39.3,37.5,46.7
2025-09-08 07:50:00,38.9,37.9,46.5
2025-09-08 08:00:00,39.1,38.0,46.6
2025-09-08 08:10:00,38.7,36.8,46.4
2025-09-08 08:20:00,38.6,36.4,46.2
2025-09-08 08:30:00,38.6,36.3,46.0
2025-09-08 08:40:00,38.6,36.5,45.9
2025-09-08 08:50:00,38.4,35.7,45.7
2025-09-08 09:00:00,38.1,36.4,45.6
2025-09-08 09:10:00,37.5,36.5,45.5
2025-09-08 09:20:00,38.0,35.9,45.2
2025-09-08 09:30:00,37.1,35.8,45.2
2025-09-08 09:40:00,37.5,36.2,45.0
2025-09-08 09:50:00,37.2,35.9,45.1
2025-09-08 10:00:00,37.0,35.5,45.0
2025-09-08 10:10:00,36.9,34.7,44.8
2025-09-08 10:20:00,36.9,36.1,44.9
2025-09-08 10:30:00,36.3,35.4,45.0
2025-09-08 10:40:00,35.9,35.5,44.6
2025-09-08 10:50:00,35.2,35.5,44.4
2025-09-08 11:00:00,35.4,34.7,44.4
2025-09-08 11:10:00,35.9,34.7,43.9
2025-09-08 11:20:00,35.1,34.4,43.6
2025-09-08 11:30:00,34.6,34.3,43.4
2025-09-08 11:40:00,34.6,34.1,43.0
2025-09-08 11:50:00,34.2,34.2,42.9
2025-09-08 12:00:00,34.2,34.4,42.6
2025-09-08 12:10:00,34.5,34.0,42.6
2025-09-08 12:20:00,33.9,34.1,42.4
2025-09-08 12:30:00,33.9,33.8,42.2
2025-09-08 12:40:00,33.9,33.2,42.2
2025-09-08 12:50:00,33.5,33.3,42.0
2025-09-08 13:00:00,33.6,33.4,41.7
2025-09-08 13:10:00,33.7,33.5,41.8
2025-09-08 13:20:00,33.2,33.5,41.6
2025-09-08 13:30:00,33.1,32.6,41.3
2025-09-08 13:40:00,32.6,32.9,41.1
2025-09-08 13:50:00,32.8,32.5,40.5
2025-09-08 14:00:00,32.2,31.7,40.0
2025-09-08 14:10:00,31.7,31.8,39.8
2025-09-08 14:20:00,31.8,31.9,39.5
2025-09-08 14:30:00,31.5,31.7,39.5
2025-09-08 14:40:00,31.3,31.1,39.4
2025-09-08 14:50:00,31.7,30.8,39.3
2025-09-08 15:00:00,31.6,30.8,39.3
2025-09-08 15:10:00,31.8,31.6,39.4
2025-09-08 15:20:00,31.9,31.3,39.6
2025-09-08 15:30:00,32.1,31.6,39.7
2025-09-08 15:40:00,31.9,30.9,39.6
2025-09-08 15:50:00,32.1,31.2,39.8
2025-09-08 16:00:00,31.9,32.1,39.8
2025-09-08 16:10:00,32.4,31.4,40.0
2025-09-08 16:20:00,32.2,31.8,40.1
2025-09-08 16:30:00,32.1,31.7,40.0
2025-09-08 16:40:00,31.6,31.8,40.0
2025-09-08 16:50:00,31.9,31.8,40.0
2025-09-08 17:00:00,32.0,31.6,40.0
2025-09-08 17:10:00,32.1,32.1,39.9
2025-09-08 17:20:00,31.7,31.6,39.9
2025-09-08 17:30:00,31.8,31.0,39.7
2025-09-08 17:40:00,31.7,31.0,39.8
2025-09-08 17:50:00,32.0,31.5,39.7
2025-09-08 18:00:00,31.7,31.5,39.7
2025-09-08 18:10:00,31.7,31.2,39.9
2025-09-08 18:20:00,31.3,32.0,40.0
2025-09-08 18:30:00,31.8,32.2,39.9
2025-09-08 18:40:00,31.9,32.3,39.7
2025-09-08 18:50:00,31.8,32.7,39.8
2025-09-08 19:00:00,31.7,31.9,39.8
2025-09-08 19:10:00,31.8,32.3,39.5
2025-09-08 19:20:00,32.0,31.7,39.9
2025-09-08 19:30:00,32.0,31.9,39.7
2025-09-08 19:40:00,31.9,32.4,39.9
2025-09-08 19:50:00,32.1,32.2,40.0
2025-09-08 20:00:00,31.8,32.1,40.1
2025-09-08 20:10:00,32.1,32.4,39.9
2025-09-08 20:20:00,32.3,32.7,40.1
2025-09-08 20:30:00,32.5,32.8,40.1
2025-09-08 20:40:00,32.4,32.5,40.3
2025-09-08 20:50:00,32.5,31.8,40.3
2025-09-08 21:00:00,32.4,32.7,40.2
2025-09-08 21:10:00,32.4,32.5,40.2
2025-09-08 21:20:00,32.5,31.5,40.2
2025-09-08 21:30:00,32.5,32.0,40.3
2025-09-08 21:40:00,32.5,33.4,40.2
2025-09-08 21:50:00,32.4,32.3,40.3
2025-09-08 22:00:00,32.6,32.4,40.3
2025-09-08 22:10:00,32.4,32.5,40.3
2025-09-08 22:20:00,32.5,32.0,40.4
2025-09-08 22:30:00,32.4,32.3,40.2
2025-09-08 22:40:00,32.4,31.9,40.2
2025-09-08 22:50:00,32.5,32.4,40.1
2025-09-08 23:00:00,32.4,32.7,40.4
2025-09-08 23:10:00,32.5,32.6,40.2
2025-09-08 23:20:00,32.1,32.4,40.1
2025-09-08 23:30:00,32.2,32.6,40.2
2025-09-08 23:40:00,32.3,31.7,40.2
2025-09-08 23:50:00,32.3,32.1,40.4
2025-09-09 00:00:00,32.3,32.4,40.2
2025-09-09 00:10:00,32.5,31.4,39.9
2025-09-09 00:20:00,32.4,32.1,40.3
2025-09-09 00:30:00,32.4,31.8,40.3
2025-09-09 00:40:00,32.2,31.7,40.1
2025-09-09 00:50:00,32.3,32.4,40.0
2025-09-09 01:00:00,32.6,31.8,40.1
2025-09-09 01:10:00,32.3,30.5,40.1
2025-09-09 01:20:00,32.5,32.7,39.9
2025-09-09 01:30:00,32.2,32.1,40.1
2025-09-09 01:40:00,32.3,32.4,40.0
2025-09-09 01:50:00,32.4,32.3,39.9
2025-09-09 02:00:00,32.4,32.0,40.0
2025-09-09 02:10:00,32.2,31.3,40.0
2025-09-09 02:20:00,32.1,31.9,39.9
2025-09-09 02:30:00,32.2,32.7,39.7
2025-09-09 02:40:00,32.2,31.9,39.9
2025-09-09 02:50:00,32.2,31.4,39.8
2025-09-09 03:00:00,31.9,32,39.7
2025-09-09 03:10:00,31.8,32.1,39.5
2025-09-09 03:20:00,31.7,31.7,39.6
2025-09-09 03:30:00,31.6,31.4,39.4
2025-09-09 03:40:00,32.0,32.2,39.3
2025-09-09 03:50:00,32.1,31.6,39.3
2025-09-09 04:00:00,32.0,31.1,39.3
2025-09-09 04:10:00,31.6,31.9,39.1
2025-09-09 04:20:00,32.0,30.7,39.0
2025-09-09 04:30:00,31.8,31.8,39.1
2025-09-09 04:40:00,31.7,31.5,39.0
2025-09-09 04:50:00,31.8,31.3,39.1
2025-09-09 05:00:00,32.2,31.7,39.1
2025-09-09 05:10:00,32.0,31.6,39.2
2025-09-09 05:20:00,32.2,31.5,39.1
2025-09-09 05:30:00,31.9,31.0,38.9
2025-09-09 05:40:00,32.1,30.5,39.3
2025-09-09 05:50:00,32.5,32.1,39.2
2025-09-09 06:00:00,32.6,31.5,39.3
2025-09-09 06:10:00,32.4,31.1,39.0
2025-09-09 06:20:00,32.3,31.0,39.2
2025-09-09 06:30:00,32.5,31.6,39.4
2025-09-09 06:40:00,32.5,31.6,39.1
2025-09-09 06:50:00,32.7,32.2,39.0
2025-09-09 07:00:00,32.7,31.1,39.2
2025-09-09 07:10:00,32.5,31.5,39.3
2025-09-09 07:20:00,32.6,31.3,39.2
2025-09-09 07:30:00,32.5,30.5,39.1
2025-09-09 07:40:00,32.6,31.2,39.2
2025-09-09 07:50:00,32.5,31.8,39.0
2025-09-09 08:00:00,32.7,30.3,39.2
2025-09-09 08:10:00,32.7,31.9,39.2
2025-09-09 08:20:00,32.7,31.0,39.0
2025-09-09 08:30:00,32.8,31.5,39.2
2025-09-09 08:40:00,32.6,31.2,39.2
2025-09-09 08:50:00,32.6,31.5,39.3
2025-09-09 09:00:00,33.2,32.5,39.6
2025-09-09 09:10:00,32.7,33.3,40.0
2025-09-09 09:20:00,32.5,33.3,40.0
2025-09-09 09:30:00,32.8,33.4,40.0
2025-09-09 09:40:00,32.4,33.7,40.1
2025-09-09 09:50:00,32.8,33.1,40.1
2025-09-09 10:00:00,33.1,33.2,40.4
2025-09-09 10:10:00,32.9,33.6,40.5
2025-09-09 10:20:00,32.9,33.5,40.4
2025-09-09 10:30:00,32.8,33.2,40.1
2025-09-09 10:40:00,32.3,32.8,39.7
2025-09-09 10:50:00,31.9,32.4,39.1
2025-09-09 11:00:00,31.6,31.5,38.5
2025-09-09 11:10:00,33.2,33.8,39.0
2025-09-09 11:20:00,31.9,32.4,38.8
2025-09-09 11:30:00,31.7,32.3,38.8
2025-09-09 11:40:00,31.6,31.8,38.8
2025-09-09 11:50:00,31.3,31.8,38.7
2025-09-09 12:00:00,31.4,31.4,38.8
2025-09-09 12:10:00,32.1,31.0,39.0
2025-09-09 12:20:00,31.4,31.3,39.0
2025-09-09 12:30:00,30.8,31.2,39.0
2025-09-09 12:40:00,30.6,31.6,38.9
2025-09-09 12:50:00,30.5,32.0,38.9
2025-09-09 13:00:00,30.6,31.8,39.2
2025-09-09 13:10:00,31.3,31.6,39.1
2025-09-09 13:20:00,30.4,31.4,39.0
2025-09-09 13:30:00,30.6,31.7,39.2
2025-09-09 13:40:00,30.9,31.0,38.9
2025-09-09 13:50:00,30.5,31.6,38.8
2025-09-09 14:00:00,30.4,30.9,39.0
2025-09-09 14:10:00,30.6,30.4,39.0
2025-09-09 14:20:00,30.2,31.4,38.8
2025-09-09 14:30:00,30.5,31.2,38.8
2025-09-09 14:40:00,31.7,31.8,39.0
2025-09-09 14:50:00,33.0,31.6,38.4
2025-09-09 15:00:00,31.9,30.5,38.6
2025-09-09 15:10:00,32.1,31.8,38.7
2025-09-09 15:20:00,33.2,32.2,39.2
2025-09-09 15:30:00,33.8,32.4,39.4
2025-09-09 15:40:00,32.7,31.8,38.6
2025-09-09 15:50:00,32.1,31.5,38.1
2025-09-09 16:00:00,32.2,31.4,37.9
2025-09-09 16:10:00,31.1,30.2,37.0
2025-09-09 16:20:00,29.7,29.5,36.2
2025-09-09 16:30:00,29.0,29.2,35.4
2025-09-09 16:40:00,28.8,28.9,35.4
2025-09-09 16:50:00,29.1,28.7,35.4
2025-09-09 17:00:00,27.8,27.7,34.9
2025-09-09 17:10:00,28.7,28.5,35.0
2025-09-09 17:20:00,28.6,28.6,35.2
2025-09-09 17:30:00,28.8,29.0,35.6
2025-09-09 17:40:00,28.2,28.9,35.6
2025-09-09 17:50:00,28.1,29.1,35.9
2025-09-09 18:00:00,28.6,29.2,36.1
2025-09-09 18:10:00,28.8,29.5,36.4
2025-09-09 18:20:00,28.8,29.8,36.6
2025-09-09 18:30:00,28.7,29.5,36.8
2025-09-09 18:40:00,29.0,29.8,36.9
2025-09-09 18:50:00,29.6,30.1,37.2
2025-09-09 19:00:00,29.6,30.8,37.4
2025-09-09 19:10:00,29.7,30.4,37.5
2025-09-09 19:20:00,29.8,30.3,37.7
2025-09-09 19:30:00,30.2,31.6,38.0
2025-09-09 19:40:00,30.3,31.2,38.2
2025-09-09 19:50:00,30.5,31.1,38.2
2025-09-09 20:00:00,30.5,31.1,38.4
2025-09-09 20:10:00,30.6,31.1,38.5
2025-09-09 20:20:00,31.0,30.8,38.6
2025-09-09 20:30:00,31.2,32.0,38.9
2025-09-09 20:40:00,31.0,31.8,38.8
2025-09-09 20:50:00,31.2,32.0,39.0
2025-09-09 21:00:00,31.5,31.9,39.2
2025-09-09 21:10:00,31.6,31.7,39.4
2025-09-09 21:20:00,31.7,31.5,39.5
2025-09-09 21:30:00,31.8,31.9,39.6
2025-09-09 21:40:00,32.1,31.8,39.7
2025-09-09 21:50:00,32.4,32.2,39.8
2025-09-09 22:00:00,32.8,32.1,40.0
2025-09-09 22:10:00,33.0,32.9,40.0
2025-09-09 22:20:00,32.7,32.6,40.0
2025-09-09 22:30:00,32.7,32.0,40.2
2025-09-09 22:40:00,32.9,32.0,40.2
2025-09-09 22:50:00,33.0,32.7,40.4
2025-09-09 23:00:00,33.2,32.7,40.4
2025-09-09 23:10:00,33.3,32.1,40.6
2025-09-09 23:20:00,33.3,32.2,40.6
2025-09-09 23:30:00,33.3,32.2,40.8
2025-09-09 23:40:00,33.3,32.0,40.8
2025-09-09 23:50:00,33.1,32.3,40.9
2025-09-10 00:00:00,33.2,32.0,40.9
2025-09-10 00:10:00,33.0,32.7,40.9
2025-09-10 00:20:00,33.3,32.9,40.9
2025-09-10 00:30:00,32.9,33.1,40.9
2025-09-10 00:40:00,33.2,32.2,41.0
2025-09-10 00:50:00,33.1,32.8,40.9
2025-09-10 01:00:00,33.3,33.4,41.1
2025-09-10 01:10:00,33.3,32.8,41.1
2025-09-10 01:20:00,33.4,32.8,41.1
2025-09-10 01:30:00,33.3,32.2,41.1
2025-09-10 01:40:00,33.1,32.8,41.1
2025-09-10 01:50:00,33.1,32.0,41.2
2025-09-10 02:00:00,33.3,32.4,41.1
2025-09-10 02:10:00,33.2,32.2,41.2
2025-09-10 02:20:00,33.2,31.9,41.2
2025-09-10 02:30:00,33.4,32.3,41.1
2025-09-10 02:40:00,33.2,32.9,41.0
2025-09-10 02:50:00,33.3,31.6,41.2
2025-09-10 03:00:00,33.2,32.4,41.3
2025-09-10 03:10:00,33.5,32.4,41.2
2025-09-10 03:20:00,33.6,32.1,41.2
2025-09-10 03:30:00,33.5,32.5,41.2
2025-09-10 03:40:00,33.6,32.5,41.3
2025-09-10 03:50:00,33.7,33.4,41.2
2025-09-10 04:00:00,33.4,32.1,41.3
2025-09-10 04:10:00,33.7,32.4,41.1
2025-09-10 04:20:00,33.6,32.6,41.1
2025-09-10 04:30:00,33.6,32.2,41.1
2025-09-10 04:40:00,33.6,32.3,41.2
2025-09-10 04:50:00,33.5,32.3,41.2
2025-09-10 05:00:00,33.3,32.9,41.1
2025-09-10 05:10:00,33.4,31.8,40.9
2025-09-10 05:20:00,33.4,31.5,41.0
2025-09-10 05:30:00,33.3,31.9,40.8
2025-09-10 05:40:00,33.3,32.9,40.8
2025-09-10 05:50:00,33.0,29.5,40.7
2025-09-10 06:00:00,33.1,32.1,40.6
2025-09-10 06:10:00,32.8,32.2,40.5
2025-09-10 06:20:00,32.8,31.6,40.4
2025-09-10 06:30:00,32.7,31.7,40.3
2025-09-10 06:40:00,32.7,31.8,40.3
2025-09-10 06:50:00,32.5,31.9,40.1
2025-09-10 07:00:00,32.5,31.7,40.3
2025-09-10 07:10:00,32.5,31.5,40.1
2025-09-10 07:20:00,32.4,31.0,40.1
2025-09-10 07:30:00,32.5,30.8,39.9
2025-09-10 07:40:00,32.4,31.8,39.9
2025-09-10 07:50:00,32.2,31.3,39.9
2025-09-10 08:00:00,32.1,32.3,40.0
2025-09-10 08:10:00,32.1,32.0,40.1
2025-09-10 08:20:00,31.9,31.9,40.2
2025-09-10 08:30:00,32.0,31.0,40.1
2025-09-10 08:40:00,32.0,32.5,40.2
2025-09-10 08:50:00,32.0,32.0,40.3
2025-09-10 09:00:00,31.5,31.0,39.9
2025-09-10 09:10:00,31.1,31.4,39.8
2025-09-10 09:20:00,31.5,29.8,39.6
2025-09-10 09:30:00,31.4,31.3,39.5
2025-09-10 09:40:00,30.6,30.7,39.4
2025-09-10 09:50:00,30.7,30.9,39.5
2025-09-10 10:00:00,30.9,31.9,39.3
2025-09-10 10:10:00,30.4,30.5,39.1
2025-09-10 10:20:00,30.6,31.1,39.1
2025-09-10 10:30:00,30.6,30.8,39.1
2025-09-10 10:40:00,30.4,30.7,39.0
2025-09-10 10:50:00,30.6,31.1,39.1
2025-09-10 11:00:00,30.4,31.3,39.1
2025-09-10 11:10:00,30.7,31.0,39.0
2025-09-10 11:20:00,30.4,30.8,38.7
2025-09-10 11:30:00,30.2,30.3,38.7
2025-09-10 11:40:00,30.4,30.6,38.4
2025-09-10 11:50:00,30.4,30.3,38.2
2025-09-10 12:00:00,29.9,29.6,38.1
2025-09-10 12:10:00,29.5,30.4,37.9
2025-09-10 12:20:00,29.8,29.8,37.9
2025-09-10 12:30:00,29.8,29.8,37.6
2025-09-10 12:40:00,29.6,29.4,37.2
2025-09-10 12:50:00,29.4,29.2,37.0
2025-09-10 13:00:00,28.6,29.0,36.7
2025-09-10 13:10:00,28.8,28.5,36.3
2025-09-10 13:20:00,28.1,28.4,36.1
2025-09-10 13:30:00,27.1,27.8,34.5
2025-09-10 13:40:00,26.4,27.3,33.8
2025-09-10 13:50:00,26.4,26.9,33.7
2025-09-10 14:00:00,26.2,26.5,33.8
2025-09-10 14:10:00,26.2,27.1,33.8
2025-09-10 14:20:00,26.1,26.8,33.9
2025-09-10 14:30:00,25.9,26.8,34.0
2025-09-10 14:40:00,26.1,26.9,33.9
2025-09-10 14:50:00,26.3,27.2,34.1
2025-09-10 15:00:00,26.3,27.6,34.3
2025-09-10 15:10:00,26.7,27.5,34.4
2025-09-10 15:20:00,26.6,27.2,34.5
2025-09-10 15:30:00,26.6,27.4,34.6
2025-09-10 15:40:00,26.7,27.5,34.8
2025-09-10 15:50:00,26.7,27.3,34.6
2025-09-10 16:00:00,26.5,28.1,34.7
2025-09-10 16:10:00,26.4,27.4,34.8
2025-09-10 16:20:00,26.8,27.4,34.7
2025-09-10 16:30:00,27.0,27.5,34.7
2025-09-10 16:40:00,26.8,27.4,34.7
2025-09-10 16:50:00,26.7,27.5,34.8
2025-09-10 17:00:00,26.8,27.9,35.0
2025-09-10 17:10:00,27.3,27.8,35.2
2025-09-10 17:20:00,26.9,28.7,35.1
2025-09-10 17:30:00,26.7,27.8,35.4
2025-09-10 17:40:00,27.2,27.9,35.4
2025-09-10 17:50:00,27.1,26.3,35.4
2025-09-10 18:00:00,27.2,28.7,35.4
2025-09-10 18:10:00,27.4,27.8,35.1
2025-09-10 18:20:00,27.0,28.0,35.2
2025-09-10 18:30:00,27.4,28.5,35.2
2025-09-10 18:40:00,27.5,28.5,35.1
2025-09-10 18:50:00,27.5,28.7,35.2
2025-09-10 19:00:00,27.3,29.0,35.3
2025-09-10 19:10:00,27.6,28.4,35.2
2025-09-10 19:20:00,28.0,27.9,35.2
2025-09-10 19:30:00,27.9,28.1,35.2
2025-09-10 19:40:00,27.8,28.5,35.0
2025-09-10 19:50:00,27.8,28.1,35.2
2025-09-10 20:00:00,27.6,28.2,35.0
2025-09-10 20:10:00,27.8,27.6,35.0
2025-09-10 20:20:00,27.4,28.2,34.9
2025-09-10 20:30:00,27.3,28.5,35.1
2025-09-10 20:40:00,27.8,27.5,35.1
2025-09-10 20:50:00,27.6,27.5,35.0
2025-09-10 21:00:00,27.2,28.1,35.1
2025-09-10 21:10:00,27.4,28.0,35.2
2025-09-10 21:20:00,27.7,28.3,35.3
2025-09-10 21:30:00,27.5,28.5,35.3
2025-09-10 21:40:00,27.4,28.5,35.4
2025-09-10 21:50:00,27.5,28.6,35.5
2025-09-10 22:00:00,27.4,28.1,35.4
2025-09-10 22:10:00,27.9,28.8,35.7
2025-09-10 22:20:00,27.9,29.1,35.7
2025-09-10 22:30:00,28.0,28.8,35.8
2025-09-10 22:40:00,27.9,29.3,35.9
2025-09-10 22:50:00,28.5,28.5,36.0
2025-09-10 23:00:00,28.7,28.8,36.2
2025-09-10 23:10:00,29.1,29.7,36.7
2025-09-10 23:20:00,29.5,30.0,37.1
2025-09-10 23:30:00,29.9,30.4,37.6
2025-09-10 23:40:00,30.6,31.0,38.1
2025-09-10 23:50:00,30.7,31.2,38.4
2025-09-11 00:00:00,31.0,31.5,38.9
2025-09-11 00:10:00,31.7,32.0,39.3
2025-09-11 00:20:00,31.9,32.2,39.6
2025-09-11 00:30:00,32.3,32.2,39.9
2025-09-11 00:40:00,32.4,33.2,40.3
2025-09-11 00:50:00,32.8,32.5,40.7
2025-09-11 01:00:00,32.7,32.5,41.0
2025-09-11 01:10:00,33.2,33.1,41.2
2025-09-11 01:20:00,33.3,33.5,41.4
2025-09-11 01:30:00,33.7,33.4,41.6
2025-09-11 01:40:00,34.1,33.6,41.8
2025-09-11 01:50:00,34.2,33.8,42.0
2025-09-11 02:00:00,34.7,33.9,42.3
2025-09-11 02:10:00,34.8,33.6,42.6
2025-09-11 02:20:00,35.2,34.2,42.6
2025-09-11 02:30:00,35.3,34.2,42.9
2025-09-11 02:40:00,35.5,34.5,43.2
2025-09-11 02:50:00,35.7,34.5,43.3
2025-09-11 03:00:00,35.9,35.2,43.5
2025-09-11 03:10:00,36.0,34.7,43.6
2025-09-11 03:20:00,36.4,34.9,44.0
2025-09-11 03:30:00,36.2,35.0,44.2
2025-09-11 03:40:00,36.7,35.6,44.3
2025-09-11 03:50:00,36.8,35.6,44.6
2025-09-11 04:00:00,37.1,35.6,44.8
2025-09-11 04:10:00,37.3,36.2,44.9
2025-09-11 04:20:00,37.5,35.6,45.1
2025-09-11 04:30:00,37.5,35.8,45.3
2025-09-11 04:40:00,37.7,36.1,45.4
2025-09-11 04:50:00,37.7,35.9,45.6
2025-09-11 05:00:00,37.8,36.6,45.8
2025-09-11 05:10:00,37.9,36.4,45.9
2025-09-11 05:20:00,38.1,36.3,46.1
2025-09-11 05:30:00,37.9,37.1,46.1
2025-09-11 05:40:00,38.1,36.4,46.2
2025-09-11 05:50:00,38.3,36.9,46.3
2025-09-11 06:00:00,38.3,36.4,46.3
2025-09-11 06:10:00,38.2,37.1,46.4
2025-09-11 06:20:00,38.1,37.0,46.4
2025-09-11 06:30:00,38.2,36.7,46.3
2025-09-11 06:40:00,37.9,36.5,46.4
2025-09-11 06:50:00,38.1,36.4,46.4
2025-09-11 07:00:00,38.0,37.6,46.4
2025-09-11 07:10:00,37.7,36.2,46.4
2025-09-11 07:20:00,38.1,37.3,46.3
2025-09-11 07:30:00,37.4,36.6,46.3
2025-09-11 07:40:00,37.7,36.1,46.2
2025-09-11 07:50:00,37.7,36.8,46.2
2025-09-11 08:00:00,37.7,37.1,46.2
2025-09-11 08:10:00,37.6,36.3,46.1
2025-09-11 08:20:00,37.5,36.3,46.1
2025-09-11 08:30:00,37.3,36.9,46.1
2025-09-11 08:40:00,37.7,37.1,46.0
2025-09-11 08:50:00,37.3,35.7,46.1
2025-09-11 09:00:00,37.4,36.4,46.0
2025-09-11 09:10:00,37.8,36.2,45.9
2025-09-11 09:20:00,37.7,36.4,45.8
2025-09-11 09:30:00,37.5,36.3,45.6
2025-09-11 09:40:00,37.5,36.4,45.6
2025-09-11 09:50:00,36.4,36.5,45.6
2025-09-11 10:00:00,35.8,36.3,45.2
2025-09-11 10:10:00,35.9,36.9,45.2
2025-09-11 10:20:00,36.1,36.4,45.2
2025-09-11 10:30:00,35.8,35.7,45.0
2025-09-11 10:40:00,35.7,34.4,45.0
2025-09-11 10:50:00,35.6,35.7,45.0
2025-09-11 11:00:00,35.1,36.1,44.9
2025-09-11 11:10:00,35.3,35.7,44.7
2025-09-11 11:20:00,35.3,36.3,44.5
2025-09-11 11:30:00,35.2,35.4,44.4
2025-09-11 11:40:00,34.9,35.4,44.2
2025-09-11 11:50:00,34.7,35.2,44.0
2025-09-11 12:00:00,34.3,34.5,43.9
2025-09-11 12:10:00,33.9,35.2,43.8
2025-09-11 12:20:00,34.2,35.2,43.7
2025-09-11 12:30:00,34.2,35.0,43.7
2025-09-11 12:40:00,34.3,34.5,43.5
2025-09-11 12:50:00,33.9,34.8,43.4
2025-09-11 13:00:00,33.8,34.4,43.3
2025-09-11 13:10:00,33.8,35.1,43.1
2025-09-11 13:20:00,34.0,34.2,43.2
2025-09-11 13:30:00,34.2,34.4,43.0
2025-09-11 13:40:00,33.5,34.5,43.1
2025-09-11 13:50:00,33.2,34.0,42.9
2025-09-11 14:00:00,33.6,34.5,42.7
2025-09-11 14:10:00,33.0,33.7,42.4
2025-09-11 14:20:00,33.2,34.7,42.4
2025-09-11 14:30:00,33.1,33.0,42.3
2025-09-11 14:40:00,32.7,33.8,41.9
2025-09-11 14:50:00,32.5,33.4,41.8
2025-09-11 15:00:00,32.5,33.3,41.6
2025-09-11 15:10:00,32.5,33.1,41.6
2025-09-11 15:20:00,32.4,32.8,41.7
2025-09-11 15:30:00,32.3,33.6,41.6
2025-09-11 15:40:00,32.8,33.7,41.6
2025-09-11 15:50:00,32.6,33.8,41.8
2025-09-11 16:00:00,32.9,32.7,41.8
2025-09-11 16:10:00,32.3,33.0,41.7
2025-09-11 16:20:00,32.3,33.1,41.7
2025-09-11 16:30:00,32.4,33.3,41.8
2025-09-11 16:40:00,32.4,33.7,42.0
2025-09-11 16:50:00,32.5,34.1,41.8
2025-09-11 17:00:00,32.7,32.6,41.8
2025-09-11 17:10:00,32.9,33.9,41.9
2025-09-11 17:20:00,33.0,33.1,42.0
2025-09-11 17:30:00,32.9,33.1,42.1
2025-09-11 17:40:00,32.7,33.5,41.9
2025-09-11 17:50:00,33.0,33.4,42.0
2025-09-11 18:00:00,33.2,33.3,42.0
2025-09-11 18:10:00,33.2,32.8,42.1
2025-09-11 18:20:00,33.2,33.5,42.0
2025-09-11 18:30:00,32.9,33.3,41.9
2025-09-11 18:40:00,32.9,34.1,42.0
2025-09-11 18:50:00,33.1,34.5,41.9
2025-09-11 19:00:00,32.6,33.7,42.0
2025-09-11 19:10:00,32.5,33.8,41.9
2025-09-11 19:20:00,33.1,33.5,42.0
2025-09-11 19:30:00,33.5,33.6,42.0
2025-09-11 19:40:00,33.3,33.6,41.9
2025-09-11 19:50:00,33.5,33.7,41.8
2025-09-11 20:00:00,33.7,33.2,41.9
2025-09-11 20:10:00,33.6,33.3,41.9
2025-09-11 20:20:00,33.3,32.7,41.9
2025-09-11 20:30:00,33.4,33.8,41.8
2025-09-11 20:40:00,33.3,33.6,41.8
2025-09-11 20:50:00,33.4,33.3,41.9
2025-09-11 21:00:00,33.4,33.3,41.9
2025-09-11 21:10:00,33.2,33.4,41.8
2025-09-11 21:20:00,33.4,33.5,42.0
2025-09-11 21:30:00,33.3,33.5,41.9
2025-09-11 21:40:00,33.4,33.0,42.0
2025-09-11 21:50:00,33.7,34.3,41.9
2025-09-11 22:00:00,33.5,33.4,42.1
2025-09-11 22:10:00,33.4,33.9,42.1
2025-09-11 22:20:00,34.0,33.6,42.1
2025-09-11 22:30:00,33.5,34.0,42.1
2025-09-11 22:40:00,33.7,33.8,42.2
2025-09-11 22:50:00,33.7,34.1,42.2
2025-09-11 23:00:00,33.6,33.3,42.2
2025-09-11 23:10:00,33.7,33.5,42.2
2025-09-11 23:20:00,33.6,33.8,42.2
2025-09-11 23:30:00,33.6,33.4,42.3
2025-09-11 23:40:00,33.6,34.1,42.2
2025-09-11 23:50:00,33.4,33.6,42.3
2025-09-12 00:00:00,33.3,34.3,42.3
2025-09-12 00:10:00,33.5,34.4,42.2
2025-09-12 00:20:00,33.6,34.0,42.3
2025-09-12 00:30:00,33.7,35.0,42.2
2025-09-12 00:40:00,33.7,34.1,42.3
2025-09-12 00:50:00,33.5,33.1,42.2
2025-09-12 01:00:00,33.4,33.8,42.2
2025-09-12 01:10:00,33.4,34.2,42.2
2025-09-12 01:20:00,33.5,33.6,42.2
2025-09-12 01:30:00,33.4,34.1,42.2
2025-09-12 01:40:00,33.4,34.3,42.1
2025-09-12 01:50:00,33.4,33.9,42.1
2025-09-12 02:00:00,33.1,32.9,42.0
2025-09-12 02:10:00,33.6,33.4,42.0
2025-09-12 02:20:00,33.3,33.7,42.0
2025-09-12 02:30:00,33.3,33.8,41.9
2025-09-12 02:40:00,33.5,34.2,41.9
2025-09-12 02:50:00,33.4,33.7,42.0
2025-09-12 03:00:00,33.2,33.1,41.8
2025-09-12 03:10:00,33.3,33.1,41.8
2025-09-12 03:20:00,33.2,33.5,41.7
2025-09-12 03:30:00,33.1,33.1,41.8
2025-09-12 03:40:00,33.2,33.6,41.8
2025-09-12 03:50:00,33.2,33.6,41.8
2025-09-12 04:00:00,33.3,34.0,41.7
2025-09-12 04:10:00,33.2,34.1,41.7
2025-09-12 04:20:00,33.0,33.7,41.6
2025-09-12 04:30:00,32.9,33.2,41.6
2025-09-12 04:40:00,33.0,34.1,41.5
2025-09-12 04:50:00,32.8,33.4,41.5
2025-09-12 05:00:00,32.8,33.5,41.6
2025-09-12 05:10:00,33.0,33.9,41.5
2025-09-12 05:20:00,32.8,33.1,41.5
2025-09-12 05:30:00,33.1,33.0,41.5
2025-09-12 05:40:00,32.6,33.1,41.4
2025-09-12 05:50:00,32.9,33.4,41.5
2025-09-12 06:00:00,32.8,32.1,41.5
2025-09-12 06:10:00,33.1,33.2,41.4
2025-09-12 06:20:00,33.1,33.3,41.4
2025-09-12 06:30:00,32.9,33.4,41.4
2025-09-12 06:40:00,32.9,33.2,41.5
2025-09-12 06:50:00,32.8,33.2,41.5
2025-09-12 07:00:00,33.1,33.3,41.4
2025-09-12 07:10:00,33.2,33.0,41.4
2025-09-12 07:20:00,32.8,32.3,41.5
2025-09-12 07:30:00,32.9,33.2,41.5
2025-09-12 07:40:00,32.7,33.5,41.5
2025-09-12 07:50:00,32.9,33.3,41.6
2025-09-12 08:00:00,32.5,33.8,41.7
2025-09-12 08:10:00,32.7,33.6,41.7
2025-09-12 08:20:00,32.3,33.3,41.5
2025-09-12 08:30:00,32.3,32.6,41.4
2025-09-12 08:40:00,32.4,32.1,41.3
2025-09-12 08:50:00,32.2,32.7,41.3
2025-09-12 09:00:00,31.3,32.3,41.2
2025-09-12 09:10:00,31.7,32.3,41.0
2025-09-12 09:20:00,34.3,33.8,41.8
2025-09-12 09:30:00,34.9,34.6,42.3
2025-09-12 09:40:00,34.1,33.9,41.8
2025-09-12 09:50:00,34.2,33.6,41.3
2025-09-12 10:00:00,33.8,33.4,41.0
2025-09-12 10:10:00,33.7,32.9,40.6
2025-09-12 10:20:00,33.2,32.8,40.4
2025-09-12 10:30:00,33.3,32.3,40.1
2025-09-12 10:40:00,32.9,32.0,39.9
2025-09-12 10:50:00,31.7,31.4,40.2
2025-09-12 11:00:00,31.7,31.7,40.1
2025-09-12 11:10:00,31.9,31.5,39.6
2025-09-12 11:20:00,31.5,31.1,39.1
2025-09-12 11:30:00,31.3,31.1,39.0
2025-09-12 11:40:00,31.1,31.0,38.6
2025-09-12 11:50:00,31.1,30.7,38.5
2025-09-12 12:00:00,31.2,30.5,38.3
2025-09-12 12:10:00,30.2,30.8,37.8
2025-09-12 12:20:00,29.7,29.4,37.5
2025-09-12 12:30:00,29.7,29.4,37.0
2025-09-12 12:40:00,29.2,29.2,36.7
2025-09-12 12:50:00,29.0,29.4,36.9
2025-09-12 13:00:00,29.8,30.0,37.1
2025-09-12 13:10:00,29.4,30.1,37.1
2025-09-12 13:20:00,29.5,29.5,37.3
2025-09-12 13:30:00,29.6,30.4,37.4
2025-09-12 13:40:00,29.6,30.8,37.6
2025-09-12 13:50:00,29.6,30.4,37.8
2025-09-12 14:00:00,31.4,30.4,37.4
2025-09-12 14:10:00,31.0,30.7,37.4
2025-09-12 14:20:00,31.1,30.4,37.5
2025-09-12 14:30:00,30.9,30.2,37.7
2025-09-12 14:40:00,30.5,30.9,37.8
2025-09-12 14:50:00,30.8,30.2,37.8
2025-09-12 15:00:00,31.2,31.3,38.3
2025-09-12 15:10:00,32.0,31.5,38.9
2025-09-12 15:20:00,32.7,32.2,39.3
2025-09-12 15:30:00,32.2,31.8,39.2
2025-09-12 15:40:00,32.5,32.2,39.4
2025-09-12 15:50:00,32.6,32.5,39.8
2025-09-12 16:00:00,32.8,32.5,40.0
2025-09-12 16:10:00,33.6,32.6,40.8
2025-09-12 16:20:00,33.9,33.1,41.1
2025-09-12 16:30:00,33.4,33.3,40.6
2025-09-12 16:40:00,33.6,33.5,40.5
2025-09-12 16:50:00,32.7,32.7,39.9
2025-09-12 17:00:00,32.2,32.1,39.6
2025-09-12 17:10:00,31.2,31.6,39.1
2025-09-12 17:20:00,30.9,32.3,39.2
2025-09-12 17:30:00,31.0,32.0,39.2
2025-09-12 17:40:00,30.9,32.2,39.2
2025-09-12 17:50:00,30.8,32.0,39.2
2025-09-12 18:00:00,30.9,32.2,39.3
2025-09-12 18:10:00,30.9,30.8,39.1
2025-09-12 18:20:00,31.2,30.6,39.1
2025-09-12 18:30:00,30.9,31.1,39.0
2025-09-12 18:40:00,30.7,31.0,38.9
2025-09-12 18:50:00,30.8,31.1,38.8
2025-09-12 19:00:00,30.7,31.7,38.8
2025-09-12 19:10:00,30.7,31.3,38.7
2025-09-12 19:20:00,30.8,31.3,38.8
2025-09-12 19:30:00,30.4,29.8,38.5
2025-09-12 19:40:00,30.5,31.0,38.6
2025-09-12 19:50:00,30.4,30.9,38.7
2025-09-12 20:00:00,30.1,30.7,38.6
2025-09-12 20:10:00,30.4,31.0,38.8
2025-09-12 20:20:00,30.5,30.4,38.8
2025-09-12 20:30:00,30.3,30.6,38.8
2025-09-12 20:40:00,30.7,30.9,38.9
2025-09-12 20:50:00,31.0,31.0,39.0
2025-09-12 21:00:00,31.2,30.8,39.1
2025-09-12 21:10:00,31.2,30.6,39.1
2025-09-12 21:20:00,31.5,31.3,39.2
2025-09-12 21:30:00,31.4,30.8,39.5
2025-09-12 21:40:00,31.5,31.9,39.5
2025-09-12 21:50:00,31.7,31.1,39.4
2025-09-12 22:00:00,31.7,31.4,39.4
2025-09-12 22:10:00,31.4,31.9,39.3
2025-09-12 22:20:00,31.4,31.7,39.2
2025-09-12 22:30:00,31.3,32.1,39.1
2025-09-12 22:40:00,31.0,31.5,39.1
2025-09-12 22:50:00,31.0,31.4,38.9
2025-09-12 23:00:00,31.0,30.6,38.9
2025-09-12 23:10:00,31.0,30.9,38.8
2025-09-12 23:20:00,31.0,31.3,38.9
2025-09-12 23:30:00,31.1,31.2,38.9
2025-09-12 23:40:00,31.4,30.6,39.1
2025-09-12 23:50:00,31.4,31.6,39.1
2025-09-13 00:00:00,31.2,31.2,39.3
2025-09-13 00:10:00,31.5,31.6,39.4
2025-09-13 00:20:00,31.7,31.5,39.5
2025-09-13 00:30:00,31.8,31.8,39.6
2025-09-13 00:40:00,31.5,31.1,39.8
2025-09-13 00:50:00,31.8,31.4,39.8
2025-09-13 01:00:00,32.1,32.1,40.0
2025-09-13 01:10:00,32.2,31.1,40.2
2025-09-13 01:20:00,32.2,32.5,40.2
2025-09-13 01:30:00,32.4,32.2,40.4
2025-09-13 01:40:00,32.5,32.3,40.5
2025-09-13 01:50:00,32.7,31.4,40.5
2025-09-13 02:00:00,32.7,32.1,40.6
2025-09-13 02:10:00,32.8,31.9,40.7
2025-09-13 02:20:00,32.9,33.0,40.9
2025-09-13 02:30:00,32.9,31.9,40.9
2025-09-13 02:40:00,33.1,32.2,41.0
2025-09-13 02:50:00,33.0,32.7,41.1
2025-09-13 03:00:00,33.1,32.4,41.1
2025-09-13 03:10:00,33.4,32.7,41.2
2025-09-13 03:20:00,33.4,33.2,41.3
2025-09-13 03:30:00,33.3,32.8,41.3
2025-09-13 03:40:00,33.6,32.6,41.4
2025-09-13 03:50:00,33.6,32.1,41.4
2025-09-13 04:00:00,33.7,32.4,41.5
2025-09-13 04:10:00,33.6,32.8,41.5
2025-09-13 04:20:00,33.6,32.5,41.5
2025-09-13 04:30:00,33.8,32.5,41.7
2025-09-13 04:40:00,33.6,32.9,41.7
2025-09-13 04:50:00,34.0,33.5,41.7
2025-09-13 05:00:00,34.1,33.4,41.7
2025-09-13 05:10:00,33.9,33.3,41.8
2025-09-13 05:20:00,34.1,33.9,41.9
2025-09-13 05:30:00,34.0,33.5,41.9
2025-09-13 05:40:00,34.0,33.0,41.9
2025-09-13 05:50:00,34.1,33.7,42.0
2025-09-13 06:00:00,34.2,33.1,42.0
2025-09-13 06:10:00,34.1,33.1,42.1
2025-09-13 06:20:00,34.2,34.1,42.1
2025-09-13 06:30:00,34.5,33.8,42.2
2025-09-13 06:40:00,34.6,33.9,42.4
2025-09-13 06:50:00,34.4,34.0,42.3
2025-09-13 07:00:00,34.8,33.6,42.4
2025-09-13 07:10:00,34.6,33.7,42.4
2025-09-13 07:20:00,34.7,34.3,42.4
2025-09-13 07:30:00,34.9,33.8,42.5
2025-09-13 07:40:00,35.1,34.0,42.6
2025-09-13 07:50:00,35.0,34.3,42.7
2025-09-13 08:00:00,34.9,33.3,42.7
2025-09-13 08:10:00,34.7,33.7,42.8
2025-09-13 08:20:00,34.1,34.1,42.8
2025-09-13 08:30:00,33.9,33.8,42.8
2025-09-13 08:40:00,34.3,33.2,42.7
2025-09-13 08:50:00,34.2,33.4,42.5
2025-09-13 09:00:00,34.0,33.5,42.6
2025-09-13 09:10:00,33.7,34.0,42.6
2025-09-13 09:20:00,33.6,33.7,42.5
2025-09-13 09:30:00,33.1,33.6,42.5
2025-09-13 09:40:00,32.7,33.5,42.4
2025-09-13 09:50:00,33.3,33.6,42.2
2025-09-13 10:00:00,33.2,33.4,42.2
2025-09-13 10:10:00,33.0,32.9,42.1
2025-09-13 10:20:00,33.5,34.1,42.2
2025-09-13 10:30:00,32.8,33.7,42.1
2025-09-13 10:40:00,32.8,33.1,42.1
2025-09-13 10:50:00,32.5,33.6,42.0
2025-09-13 11:00:00,32.7,33.1,41.8
2025-09-13 11:10:00,32.0,33.1,41.7
2025-09-13 11:20:00,32.0,32.3,41.3
2025-09-13 11:30:00,31.7,32.3,41.3
2025-09-13 11:40:00,31.8,32.3,41.2
2025-09-13 11:50:00,32.1,32.7,40.9
2025-09-13 12:00:00,31.8,32.1,40.9
2025-09-13 12:10:00,31.2,32.3,40.7
2025-09-13 12:20:00,31.2,31.8,40.5
2025-09-13 12:30:00,30.9,31.8,40.3
2025-09-13 12:40:00,31.0,31.5,40.1
2025-09-13 12:50:00,30.8,31.3,39.8
2025-09-13 13:00:00,30.4,31.6,39.9
2025-09-13 13:10:00,30.5,31.3,39.7
2025-09-13 13:20:00,30.7,30.9,39.4
2025-09-13 13:30:00,30.8,31.5,39.4
2025-09-13 13:40:00,30.7,31.0,39.1
2025-09-13 13:50:00,30.5,31.0,39.2
2025-09-13 14:00:00,30.5,31.3,39.1
2025-09-13 14:10:00,30.1,31.1,39.0
2025-09-13 14:20:00,30.3,30.6,38.9
2025-09-13 14:30:00,30.1,30.7,38.7
2025-09-13 14:40:00,30.2,30.3,38.6
2025-09-13 14:50:00,30.0,30.8,38.6
2025-09-13 15:00:00,30.2,30.6,38.5
2025-09-13 15:10:00,29.8,30.7,38.4
2025-09-13 15:20:00,30.1,30.6,38.5
2025-09-13 15:30:00,29.9,30.6,38.5
2025-09-13 15:40:00,30.3,31.0,38.6
2025-09-13 15:50:00,30.2,30.8,38.8
2025-09-13 16:00:00,30.3,30.5,38.7
2025-09-13 16:10:00,30.3,31.3,38.7
2025-09-13 16:20:00,30.3,30.4,38.9
2025-09-13 16:30:00,30.1,31.7,38.8
2025-09-13 16:40:00,30.7,31.0,39.0
2025-09-13 16:50:00,30.5,31.2,39.0
2025-09-13 17:00:00,30.7,31.0,39.0
2025-09-13 17:10:00,30.6,31.4,38.9
2025-09-13 17:20:00,31.0,32.4,39.1
2025-09-13 17:30:00,31.1,31.7,39.2
2025-09-13 17:40:00,30.9,31.8,39.2
2025-09-13 17:50:00,31.1,31.6,39.6
2025-09-13 18:00:00,31.5,31.9,39.8
2025-09-13 18:10:00,31.3,32.9,39.8
2025-09-13 18:20:00,31.3,32.1,39.9
2025-09-13 18:30:00,31.4,32.2,40.1
2025-09-13 18:40:00,31.6,33.0,40.1
2025-09-13 18:50:00,31.8,32.4,40.3
2025-09-13 19:00:00,32.2,32.1,40.3
2025-09-13 19:10:00,32.5,32.6,40.3
2025-09-13 19:20:00,32.6,32.9,40.4
2025-09-13 19:30:00,32.6,32.6,40.6
2025-09-13 19:40:00,33.0,32.7,40.6
2025-09-13 19:50:00,32.9,32.3,40.7
2025-09-13 20:00:00,33.0,32.8,40.8
2025-09-13 20:10:00,33.4,32.7,41.0
2025-09-13 20:20:00,33.5,32.5,41.0
2025-09-13 20:30:00,33.5,32.5,41.2
2025-09-13 20:40:00,33.8,33.0,41.2
2025-09-13 20:50:00,33.7,32.9,41.2
2025-09-13 21:00:00,33.8,32.8,41.5
2025-09-13 21:10:00,33.9,33.1,41.6
2025-09-13 21:20:00,33.8,32.4,41.6
2025-09-13 21:30:00,34.0,32.3,41.6
2025-09-13 21:40:00,34.0,33.3,41.6
2025-09-13 21:50:00,34.2,33.1,41.8
2025-09-13 22:00:00,34.1,32.4,41.9
2025-09-13 22:10:00,34.4,33.9,41.9
2025-09-13 22:20:00,34.2,33.1,41.9
2025-09-13 22:30:00,34.0,33.2,41.9
2025-09-13 22:40:00,34.2,32.8,41.9
2025-09-13 22:50:00,34.3,32.8,41.9
2025-09-13 23:00:00,34.3,33.2,42.0
2025-09-13 23:10:00,34.3,33.4,42.1
2025-09-13 23:20:00,34.2,33.3,42.1
2025-09-13 23:30:00,34.1,32.4,42.2
2025-09-13 23:40:00,34.0,32.6,42.2
2025-09-13 23:50:00,34.1,33.4,42.2
2025-09-14 00:00:00,33.9,33.4,42.1
2025-09-14 00:10:00,33.8,33.0,42.2
2025-09-14 00:20:00,34.0,34.3,42.1
2025-09-14 00:30:00,34.1,33.6,42.0
2025-09-14 00:40:00,34.1,33.0,42.1
2025-09-14 00:50:00,34.2,33.4,42.1
2025-09-14 01:00:00,34.0,33.7,42.2
2025-09-14 01:10:00,34.4,33.0,42.1
2025-09-14 01:20:00,34.1,34.0,42.1
2025-09-14 01:30:00,34.4,33.2,42.2
2025-09-14 01:40:00,34.3,33.2,42.1
2025-09-14 01:50:00,34.1,33.0,42.2
2025-09-14 02:00:00,34.0,34.1,42.2
2025-09-14 02:10:00,34.4,33.8,42.2
2025-09-14 02:20:00,34.5,33.6,42.3
2025-09-14 02:30:00,34.4,33.4,42.3
2025-09-14 02:40:00,34.5,32.7,42.4
2025-09-14 02:50:00,34.3,34.1,42.3
2025-09-14 03:00:00,34.7,34.7,42.5
2025-09-14 03:10:00,34.6,33.8,42.4
2025-09-14 03:20:00,34.7,34.7,42.4
2025-09-14 03:30:00,34.7,35.0,42.5
2025-09-14 03:40:00,34.6,34.1,42.5
2025-09-14 03:50:00,34.7,34.0,42.4
2025-09-14 04:00:00,34.8,34.1,42.5
2025-09-14 04:10:00,34.7,34.6,42.6
2025-09-14 04:20:00,34.5,34.0,42.5
2025-09-14 04:30:00,34.9,34.6,42.6
2025-09-14 04:40:00,35.1,34.7,42.6
2025-09-14 04:50:00,34.7,34.1,42.5
2025-09-14 05:00:00,34.9,34.2,42.7
2025-09-14 05:10:00,35.0,33.4,42.6
2025-09-14 05:20:00,35.0,34.0,42.5
2025-09-14 05:30:00,34.8,34.6,42.6
2025-09-14 05:40:00,34.9,33.3,42.7
2025-09-14 05:50:00,34.8,33.3,42.6
2025-09-14 06:00:00,34.8,35.1,42.6
2025-09-14 06:10:00,35.2,34.2,42.6
2025-09-14 06:20:00,34.9,34.0,42.6
2025-09-14 06:30:00,34.9,34.1,42.5
2025-09-14 06:40:00,34.9,34.5,42.6
2025-09-14 06:50:00,34.8,34.8,42.4
2025-09-14 07:00:00,34.9,33.2,42.6
2025-09-14 07:10:00,34.8,34.1,42.5
2025-09-14 07:20:00,34.9,34.2,42.5
2025-09-14 07:30:00,34.8,33.0,42.5
2025-09-14 07:40:00,34.9,34.4,42.5
2025-09-14 07:50:00,34.6,33.4,42.6
2025-09-14 08:00:00,34.6,33.9,42.6
2025-09-14 08:10:00,34.3,34.1,42.5
2025-09-14 08:20:00,33.4,33.7,42.5
2025-09-14 08:30:00,33.3,33.4,42.4
2025-09-14 08:40:00,33.2,33.0,42.2
2025-09-14 08:50:00,32.8,32.6,42.2
2025-09-14 09:00:00,32.3,33.4,41.9
2025-09-14 09:10:00,31.8,33.4,41.7
2025-09-14 09:20:00,32.2,33.1,41.7
2025-09-14 09:30:00,31.9,32.9,41.5
2025-09-14 09:40:00,31.7,32.6,41.5
2025-09-14 09:50:00,32.0,32.9,41.4
2025-09-14 10:00:00,32.1,32.7,41.2
2025-09-14 10:10:00,31.7,32.1,40.9
2025-09-14 10:20:00,31.4,32.0,41.1
2025-09-14 10:30:00,31.3,32.8,40.7
2025-09-14 10:40:00,31.5,32.1,40.6
2025-09-14 10:50:00,31.9,32.2,40.6
2025-09-14 11:00:00,31.8,31.9,40.5
2025-09-14 11:10:00,31.5,31.5,40.3
2025-09-14 11:20:00,31.9,31.6,40.3
2025-09-14 11:30:00,31.1,31.6,40.0
2025-09-14 11:40:00,31.3,31.6,40.0
2025-09-14 11:50:00,31.5,31.4,39.8
2025-09-14 12:00:00,31.1,31.6,39.8
2025-09-14 12:10:00,30.5,31.2,39.7
2025-09-14 12:20:00,31.2,31.5,39.7
2025-09-14 12:30:00,31.0,31.3,39.5
2025-09-14 12:40:00,31.0,31.3,39.6
2025-09-14 12:50:00,31.0,31.0,39.3
2025-09-14 13:00:00,31.2,30.9,39.0
2025-09-14 13:10:00,30.6,30.6,39.2
2025-09-14 13:20:00,30.9,30.2,38.7
2025-09-14 13:30:00,30.4,30.8,39.0
2025-09-14 13:40:00,30.6,31.2,39.0
2025-09-14 13:50:00,30.4,31.0,38.8
2025-09-14 14:00:00,29.8,31.1,38.6
2025-09-14 14:10:00,30.1,30.4,38.5
2025-09-14 14:20:00,29.9,30.2,38.5
2025-09-14 14:30:00,29.9,30.7,38.3
2025-09-14 14:40:00,29.9,30.1,38.2
2025-09-14 14:50:00,30.0,30.3,38.0
2025-09-14 15:00:00,29.7,29.9,37.9
2025-09-14 15:10:00,30.0,30.0,38.0
2025-09-14 15:20:00,29.0,30.6,37.7
2025-09-14 15:30:00,30.0,30.5,37.7
2025-09-14 15:40:00,29.8,30.5,37.8
2025-09-14 15:50:00,29.5,30.6,37.9
2025-09-14 16:00:00,29.8,29.9,37.9
2025-09-14 16:10:00,29.5,30.4,38.0
2025-09-14 16:20:00,30.0,30.5,37.9
2025-09-14 16:30:00,29.6,30.9,38.1
2025-09-14 16:40:00,29.8,30.0,38.0
2025-09-14 16:50:00,30.0,30.9,38.1
2025-09-14 17:00:00,30.2,31.0,38.2
2025-09-14 17:10:00,30.0,31.0,38.3
2025-09-14 17:20:00,30.1,31.0,38.2
2025-09-14 17:30:00,30.2,30.7,38.4
2025-09-14 17:40:00,30.2,31.2,38.6
2025-09-14 17:50:00,30.2,31.0,38.5
2025-09-14 18:00:00,30.3,31.1,38.6
2025-09-14 18:10:00,30.6,30.8,38.8
2025-09-14 18:20:00,30.5,32.0,39.0
2025-09-14 18:30:00,31.0,31.8,39.2
2025-09-14 18:40:00,31.0,31.3,39.5
2025-09-14 18:50:00,31.4,32.6,39.7
2025-09-14 19:00:00,31.6,31.5,39.8
2025-09-14 19:10:00,31.8,32.1,40.0
2025-09-14 19:20:00,32.0,32.6,40.3
2025-09-14 19:30:00,32.1,33.0,40.4
2025-09-14 19:40:00,32.6,32.6,40.7
2025-09-14 19:50:00,32.7,32.4,40.9
2025-09-14 20:00:00,32.9,33.9,41.3
2025-09-14 20:10:00,33.0,33.4,41.6
2025-09-14 20:20:00,33.2,33.5,41.8
2025-09-14 20:30:00,33.7,33.4,42.2
2025-09-14 20:40:00,34.1,34.3,42.5
2025-09-14 20:50:00,34.5,34.0,43.0
2025-09-14 21:00:00,34.7,35.1,43.1
2025-09-14 21:10:00,34.7,34.9,43.6
2025-09-14 21:20:00,35.0,34.5,43.8
2025-09-14 21:30:00,35.4,35.4,44.1
2025-09-14 21:40:00,35.6,34.5,44.4
2025-09-14 21:50:00,36.1,35.3,44.7
2025-09-14 22:00:00,36.7,35.4,44.9
2025-09-14 22:10:00,37.0,36.6,45.2
2025-09-14 22:20:00,36.8,36.8,45.5
2025-09-14 22:30:00,37.2,36.2,45.9
2025-09-14 22:40:00,37.4,36.6,46.1
2025-09-14 22:50:00,37.3,37.1,46.4
2025-09-14 23:00:00,38.1,36.8,46.5
2025-09-14 23:10:00,38.0,37.7,46.9
2025-09-14 23:20:00,38.0,38.2,47.1
2025-09-14 23:30:00,38.3,38.3,47.4
2025-09-14 23:40:00,38.4,38.9,47.7
2025-09-14 23:50:00,38.8,38.2,48.1
2025-09-15 00:00:00,39.1,38.9,48.3
2025-09-15 00:10:00,39.3,39.3,48.5
2025-09-15 00:20:00,39.7,39.1,48.7
2025-09-15 00:30:00,39.4,39.1,48.9
2025-09-15 00:40:00,39.6,39.7,49.3
2025-09-15 00:50:00,40.3,39.2,49.5
2025-09-15 01:00:00,40.2,40.0,49.7
2025-09-15 01:10:00,40.3,40.0,50.0
2025-09-15 01:20:00,40.6,40.2,50.1
2025-09-15 01:30:00,40.7,40.1,50.3
2025-09-15 01:40:00,41.2,40.5,50.5
2025-09-15 01:50:00,41.0,40.7,50.6
2025-09-15 02:00:00,41.1,40.2,50.8
2025-09-15 02:10:00,41.3,40.6,51.0
2025-09-15 02:20:00,41.5,40.8,51.0
2025-09-15 02:30:00,41.7,41.0,51.2
2025-09-15 02:40:00,41.6,41.0,51.3
2025-09-15 02:50:00,41.8,41.1,51.4
2025-09-15 03:00:00,41.5,41.5,51.4
2025-09-15 03:10:00,41.8,41.5,51.5
2025-09-15 03:20:00,41.8,41.4,51.6
2025-09-15 03:30:00,41.9,41.4,51.6
2025-09-15 03:40:00,41.9,42.2,51.7
2025-09-15 03:50:00,41.9,42.0,51.7
2025-09-15 04:00:00,41.9,41.8,51.7
2025-09-15 04:10:00,42.1,41.3,51.7
2025-09-15 04:20:00,42.1,41.6,51.7
2025-09-15 04:30:00,42.4,41.4,51.7
2025-09-15 04:40:00,41.8,41.6,51.5
2025-09-15 04:50:00,42.2,41.2,51.5
2025-09-15 05:00:00,42.7,41.8,51.4
2025-09-15 05:10:00,42.5,41.7,51.4
2025-09-15 05:20:00,42.6,41.6,51.4
2025-09-15 05:30:00,42.5,41.4,51.4
2025-09-15 05:40:00,42.6,40.6,51.2
2025-09-15 05:50:00,42.7,40.5,51.4
2025-09-15 06:00:00,42.5,40.7,51.3
2025-09-15 06:10:00,42.4,40.9,51.2
2025-09-15 06:20:00,42.4,40.5,51.1
2025-09-15 06:30:00,42.4,40.8,51.0
2025-09-15 06:40:00,42.4,40.8,50.9
2025-09-15 06:50:00,42.2,40.3,50.8
2025-09-15 07:00:00,42.0,40.3,50.9
2025-09-15 07:10:00,42.2,40.7,50.9
2025-09-15 07:20:00,41.8,41.0,51.0
2025-09-15 07:30:00,41.7,39.9,50.8
2025-09-15 07:40:00,41.6,40.2,50.8
2025-09-15 07:50:00,41.7,40.2,50.7
2025-09-15 08:00:00,41.6,40.1,50.5
2025-09-15 08:10:00,41.4,39.9,50.4
2025-09-15 08:20:00,40.5,39.6,50.0
2025-09-15 08:30:00,40.8,40.4,50.0
2025-09-15 08:40:00,40.7,40.2,50.0
2025-09-15 08:50:00,41.1,39.6,49.6
2025-09-15 09:00:00,41.0,39.2,49.7
2025-09-15 09:10:00,41.1,39.7,49.7
2025-09-15 09:20:00,40.9,40.6,50.0
2025-09-15 09:30:00,41.5,40.6,49.9
2025-09-15 09:40:00,42.1,40.6,49.7
2025-09-15 09:50:00,41.3,40.2,49.2
2025-09-15 10:00:00,40.8,39.7,48.4
2025-09-15 10:10:00,40.2,38.5,48.0
2025-09-15 10:20:00,40.0,38.6,47.7
2025-09-15 10:30:00,39.4,37.9,47.4
2025-09-15 10:40:00,39.3,38.2,47.0
2025-09-15 10:50:00,38.8,38.5,47.1
2025-09-15 11:00:00,39.2,38.2,47.1
2025-09-15 11:10:00,38.6,38.3,46.5
2025-09-15 11:20:00,38.9,37.9,46.5
2025-09-15 11:30:00,39.2,38.2,47.0
2025-09-15 11:40:00,39.6,38.4,47.0
2025-09-15 11:50:00,38.3,37.8,45.9
2025-09-15 12:00:00,37.3,37.4,45.3
2025-09-15 12:10:00,37.6,37.0,45.4
2025-09-15 12:20:00,37.7,37.0,45.3
2025-09-15 12:30:00,36.3,37.1,44.5
2025-09-15 12:40:00,36.2,35.2,44.1
2025-09-15 12:50:00,35.8,35.8,43.8
2025-09-15 13:00:00,38.5,37.1,44.7
2025-09-15 13:10:00,37.8,37.2,44.4
2025-09-15 13:20:00,37.6,36.8,44.2
2025-09-15 13:30:00,36.1,36.5,43.8
2025-09-15 13:40:00,35.2,35.4,43.5
2025-09-15 13:50:00,35.0,34.7,43.0
2025-09-15 14:00:00,34.5,34.9,42.9
2025-09-15 14:10:00,34.6,34.6,42.8
2025-09-15 14:20:00,34.7,34.5,42.6
2025-09-15 14:30:00,34.1,34.6,42.4
2025-09-15 14:40:00,34.9,34.1,41.8
2025-09-15 14:50:00,35.4,34.2,41.6
2025-09-15 15:00:00,34.5,34.1,41.4
2025-09-15 15:10:00,33.6,33.4,40.9
2025-09-15 15:20:00,33.8,33.2,40.7
2025-09-15 15:30:00,33.5,33.3,40.5
2025-09-15 15:40:00,33.6,33.5,40.8
2025-09-15 15:50:00,34.5,34.2,41.1
2025-09-15 16:00:00,34.5,34.0,41.4
2025-09-15 16:10:00,35.1,34.8,41.8
2025-09-15 16:20:00,35.2,35.2,42.0
2025-09-15 16:30:00,35.3,34.8,42.0
2025-09-15 16:40:00,35.2,35.0,42.0
2025-09-15 16:50:00,35.4,35.0,42.4
2025-09-15 17:00:00,34.8,34.6,42.0
2025-09-15 17:10:00,33.9,34.1,41.8
2025-09-15 17:20:00,34.0,34.2,41.8
2025-09-15 17:30:00,33.9,34.5,41.8
2025-09-15 17:40:00,34.4,34.1,41.8
2025-09-15 17:50:00,34.7,35.0,42.0
2025-09-15 18:00:00,35.2,33.3,42.1
2025-09-15 18:10:00,35.2,33.3,42.0
2025-09-15 18:20:00,35.2,34.3,42.2
2025-09-15 18:30:00,35.3,34.2,42.2
2025-09-15 18:40:00,35.3,34.0,42.3
2025-09-15 18:50:00,35.4,34.5,42.2
2025-09-15 19:00:00,35.4,35.0,42.5
2025-09-15 19:10:00,35.0,33.9,42.4
2025-09-15 19:20:00,35.2,34.0,42.5
2025-09-15 19:30:00,35.3,33.9,42.5
2025-09-15 19:40:00,35.1,34.2,42.5
2025-09-15 19:50:00,35.3,33.8,42.5
2025-09-15 20:00:00,35.2,35.1,42.5
2025-09-15 20:10:00,35.2,33.7,42.6
2025-09-15 20:20:00,35.3,34.3,42.3
2025-09-15 20:30:00,35.1,34.7,42.4
2025-09-15 20:40:00,35.2,33.9,42.4
2025-09-15 20:50:00,35.1,34.6,42.5
2025-09-15 21:00:00,34.9,34.8,42.5
2025-09-15 21:10:00,34.5,34.6,42.4
2025-09-15 21:20:00,34.7,34.0,42.4
2025-09-15 21:30:00,34.3,34.2,42.4
2025-09-15 21:40:00,34.6,34.1,42.4
2025-09-15 21:50:00,34.8,33.5,42.3
2025-09-15 22:00:00,34.5,33.7,42.4
2025-09-15 22:10:00,34.5,34.4,42.2
2025-09-15 22:20:00,34.6,34.2,42.3
2025-09-15 22:30:00,34.3,33.3,42.3
2025-09-15 22:40:00,34.5,34.0,42.2
2025-09-15 22:50:00,34.4,34.1,42.2
2025-09-15 23:00:00,34.4,33.1,42.2
2025-09-15 23:10:00,34.4,34.0,42.2
2025-09-15 23:20:00,34.3,34.4,42.2
2025-09-15 23:30:00,34.4,34.3,42.0
2025-09-15 23:40:00,34.6,34.2,41.9
2025-09-15 23:50:00,34.1,33.8,42.3
2025-09-16 00:00:00,34.4,35.2,42.0
2025-09-16 00:10:00,34.5,34.1,42.0
2025-09-16 00:20:00,34.3,33.9,42.1
2025-09-16 00:30:00,34.5,33.3,42.2
2025-09-16 00:40:00,34.3,34.5,42.0
2025-09-16 00:50:00,34.1,33.3,42.1
2025-09-16 01:00:00,34.7,33.7,42.1
2025-09-16 01:10:00,34.5,33.4,42.1
2025-09-16 01:20:00,34.3,34.6,42.2
2025-09-16 01:30:00,34.6,34.5,42.1
2025-09-16 01:40:00,34.5,33.6,42.2
2025-09-16 01:50:00,34.6,33.5,42.2
2025-09-16 02:00:00,34.9,34.2,42.3
2025-09-16 02:10:00,34.7,33.9,42.1
2025-09-16 02:20:00,34.9,34.6,42.4
2025-09-16 02:30:00,35.2,34.7,42.3
2025-09-16 02:40:00,35.0,35.0,42.2
2025-09-16 02:50:00,35.0,34.4,42.5
2025-09-16 03:00:00,35.2,33.3,42.3
2025-09-16 03:10:00,35.2,34.6,42.5
2025-09-16 03:20:00,35.3,35.2,42.4
2025-09-16 03:30:00,34.9,34.9,42.4
2025-09-16 03:40:00,35.1,34.3,42.5
2025-09-16 03:50:00,35.1,34.6,42.5
2025-09-16 04:00:00,35.5,34.3,42.5
2025-09-16 04:10:00,35.4,34.5,42.7
2025-09-16 04:20:00,35.5,33.9,42.5
2025-09-16 04:30:00,35.2,34.6,42.6
2025-09-16 04:40:00,35.1,35.0,42.5
2025-09-16 04:50:00,34.9,34.7,42.7
2025-09-16 05:00:00,35.2,34.5,42.7
2025-09-16 05:10:00,35.4,35.1,42.8
2025-09-16 05:20:00,35.6,34.2,42.7
2025-09-16 05:30:00,35.2,35.2,42.8
2025-09-16 05:40:00,35.6,35.1,42.8
2025-09-16 05:50:00,35.6,34.6,42.8
2025-09-16 06:00:00,35.6,35.1,42.8
2025-09-16 06:10:00,35.3,34.2,42.8
2025-09-16 06:20:00,35.5,33.7,42.7
2025-09-16 06:30:00,35.3,34.5,42.8
2025-09-16 06:40:00,35.5,33.5,42.7
2025-09-16 06:50:00,35.5,34.1,42.8
2025-09-16 07:00:00,35.5,33.7,42.7
2025-09-16 07:10:00,35.5,33.7,42.7
2025-09-16 07:20:00,35.6,34.6,42.8
2025-09-16 07:30:00,35.5,34.0,42.8
2025-09-16 07:40:00,35.5,34.0,42.8
2025-09-16 07:50:00,35.2,34.1,42.8
2025-09-16 08:00:00,35.2,34.2,42.7
2025-09-16 08:10:00,35.5,34.8,42.9
2025-09-16 08:20:00,34.8,34.2,42.9
2025-09-16 08:30:00,34.6,34.3,43.0
2025-09-16 08:40:00,34.5,34.6,42.7
2025-09-16 08:50:00,34.9,33.9,42.7
2025-09-16 09:00:00,35.0,34.0,42.8
2025-09-16 09:10:00,36.0,35.4,43.3
2025-09-16 09:20:00,36.9,35.6,44.0
2025-09-16 09:30:00,36.7,35.7,44.1
2025-09-16 09:40:00,36.5,36.2,44.1
2025-09-16 09:50:00,36.1,35.8,43.6
2025-09-16 10:00:00,35.4,35.2,43.2
2025-09-16 10:10:00,34.9,34.4,42.7
2025-09-16 10:20:00,34.5,34.4,42.4
2025-09-16 10:30:00,34.4,34.0,42.1
2025-09-16 10:40:00,34.0,34.4,41.8
2025-09-16 10:50:00,34.3,34.1,41.8
2025-09-16 11:00:00,34.3,34.1,41.6
2025-09-16 11:10:00,34.1,34.2,41.4
2025-09-16 11:20:00,33.8,33.6,41.3
2025-09-16 11:30:00,33.8,33.6,41.0
2025-09-16 11:40:00,33.9,33.5,41.2
2025-09-16 11:50:00,33.7,33.5,40.9
2025-09-16 12:00:00,33.7,33.4,40.8
2025-09-16 12:10:00,33.0,33.0,40.6
2025-09-16 12:20:00,32.6,32.8,40.6
2025-09-16 12:30:00,32.7,33.1,40.7
2025-09-16 12:40:00,32.5,33.2,40.5
2025-09-16 12:50:00,34.1,33.0,40.7
2025-09-16 13:00:00,33.0,32.6,40.3
2025-09-16 13:10:00,31.7,32.1,39.7
2025-09-16 13:20:00,32.5,32.3,40.1
2025-09-16 13:30:00,31.8,32.6,40.1
2025-09-16 13:40:00,32.7,33.2,40.2
2025-09-16 13:50:00,31.9,33.2,40.5
2025-09-16 14:00:00,33.2,32.8,40.3
2025-09-16 14:10:00,33.1,32.3,40.1
2025-09-16 14:20:00,32.9,31.8,39.9
2025-09-16 14:30:00,32.7,32.2,39.6
2025-09-16 14:40:00,32.5,31.8,39.4
2025-09-16 14:50:00,33.1,32.6,39.6
2025-09-16 15:00:00,32.1,31.9,38.9
2025-09-16 15:10:00,31.8,31.5,38.6
2025-09-16 15:20:00,30.6,30.6,37.9
2025-09-16 15:30:00,30.9,30.8,37.8
2025-09-16 15:40:00,30.4,30.7,37.5
2025-09-16 15:50:00,30.2,30.1,37.1
2025-09-16 16:00:00,29.8,29.3,37.1
2025-09-16 16:10:00,29.9,29.8,36.9
2025-09-16 16:20:00,29.6,29.9,36.6
2025-09-16 16:30:00,29.7,29.6,36.4
2025-09-16 16:40:00,29.8,29.6,36.5
2025-09-16 16:50:00,29.3,30.0,36.1
2025-09-16 17:00:00,29.2,29.6,36.0
2025-09-16 17:10:00,28.3,28.8,36.0
2025-09-16 17:20:00,28.7,29.7,36.3
2025-09-16 17:30:00,29.0,29.1,36.6
2025-09-16 17:40:00,29.5,29.7,36.6
2025-09-16 17:50:00,29.4,29.8,36.8
2025-09-16 18:00:00,29.3,29.9,37.1
2025-09-16 18:10:00,29.7,29.5,36.9
2025-09-16 18:20:00,29.9,29.9,37.1
2025-09-16 18:30:00,30.2,30.6,37.3
2025-09-16 18:40:00,29.7,30.2,37.3
2025-09-16 18:50:00,30.1,31.0,37.4
2025-09-16 19:00:00,30.2,30.7,37.6
2025-09-16 19:10:00,30.2,29.9,38.0
2025-09-16 19:20:00,30.0,30.2,37.7
2025-09-16 19:30:00,29.9,30.4,37.9
2025-09-16 19:40:00,30.3,30.9,37.9
2025-09-16 19:50:00,30.3,30.9,38.0
2025-09-16 20:00:00,29.9,30.7,38.1
2025-09-16 20:10:00,30.1,30.5,38.1
2025-09-16 20:20:00,30.7,30.2,38.1
2025-09-16 20:30:00,30.7,30.7,38.4
2025-09-16 20:40:00,30.7,31.1,38.3
2025-09-16 20:50:00,30.8,30.6,38.3
2025-09-16 21:00:00,30.8,30.0,38.2
2025-09-16 21:10:00,31.2,30.4,38.4
2025-09-16 21:20:00,31.2,30.6,38.3
2025-09-16 21:30:00,31.5,31.0,38.4
2025-09-16 21:40:00,31.7,31.2,38.5
2025-09-16 21:50:00,31.7,30.9,38.7
2025-09-16 22:00:00,31.7,30.7,38.6
2025-09-16 22:10:00,31.3,30.4,38.5
2025-09-16 22:20:00,31.5,31.1,38.8
2025-09-16 22:30:00,31.4,31.3,38.9
2025-09-16 22:40:00,31.5,31.5,39.0
2025-09-16 22:50:00,31.5,31.6,39.0
2025-09-16 23:00:00,31.5,32,39.2
2025-09-16 23:10:00,31.7,31.4,39.1
2025-09-16 23:20:00,31.7,30.7,39.1
2025-09-16 23:30:00,31.8,32.1,39.2
2025-09-16 23:40:00,31.9,31.7,39.3
2025-09-16 23:50:00,32.0,30.9,39.5
2025-09-17 00:00:00,32.2,31.9,39.5
2025-09-17 00:10:00,32.2,31.6,39.5
2025-09-17 00:20:00,32.1,31.6,39.6
2025-09-17 00:30:00,31.9,32.5,39.8
2025-09-17 00:40:00,32.0,31.7,39.7
2025-09-17 00:50:00,31.8,31.6,39.7
2025-09-17 01:00:00,32.1,31.9,39.8
2025-09-17 01:10:00,32.2,31.9,39.9
2025-09-17 01:20:00,31.9,32.1,39.9
2025-09-17 01:30:00,32.1,32.2,40.1
2025-09-17 01:40:00,32.1,31.6,40.1
2025-09-17 01:50:00,32.1,32.3,40.2
2025-09-17 02:00:00,32.5,32.2,40.4
2025-09-17 02:10:00,32.3,32.2,40.3
2025-09-17 02:20:00,32.4,31.8,40.4
2025-09-17 02:30:00,32.2,31.9,40.4
2025-09-17 02:40:00,32.4,32.5,40.3
2025-09-17 02:50:00,32.2,32.2,40.6
2025-09-17 03:00:00,32.5,33.0,40.5
2025-09-17 03:10:00,32.4,32.8,40.5
2025-09-17 03:20:00,32.7,32.5,40.6
2025-09-17 03:30:00,32.6,32.8,40.6
2025-09-17 03:40:00,32.7,32.2,40.7
2025-09-17 03:50:00,32.5,32.8,40.7
2025-09-17 04:00:00,32.9,32.9,40.8
2025-09-17 04:10:00,32.5,32.5,40.9
2025-09-17 04:20:00,33.0,32.8,40.8
2025-09-17 04:30:00,32.9,32.9,40.9
2025-09-17 04:40:00,32.9,33.0,40.9
2025-09-17 04:50:00,33.1,32.8,41.0
2025-09-17 05:00:00,33.1,33.1,41.2
2025-09-17 05:10:00,33.2,33.2,41.2
2025-09-17 05:20:00,33.6,32.8,41.2
2025-09-17 05:30:00,33.6,33.4,41.1
2025-09-17 05:40:00,33.4,33.1,41.3
2025-09-17 05:50:00,33.5,33.1,41.3
2025-09-17 06:00:00,33.1,33.2,41.3
2025-09-17 06:10:00,33.4,32.7,41.4
2025-09-17 06:20:00,33.6,33.0,41.3
2025-09-17 06:30:00,33.4,33.5,41.4
2025-09-17 06:40:00,33.7,33.5,41.5
2025-09-17 06:50:00,33.5,33.8,41.5
2025-09-17 07:00:00,33.7,33.1,41.5
2025-09-17 07:10:00,34.1,34.0,41.5
2025-09-17 07:20:00,33.7,33.3,41.5
2025-09-17 07:30:00,33.6,33.7,41.7
2025-09-17 07:40:00,33.7,33.3,41.7
2025-09-17 07:50:00,33.5,33.3,41.7
2025-09-17 08:00:00,33.6,34.0,41.8
2025-09-17 08:10:00,33.8,34.1,42.0
2025-09-17 08:20:00,33.9,33.2,42.1
2025-09-17 08:30:00,34.0,31.4,42.1
2025-09-17 08:40:00,34.0,32.9,42.1
2025-09-17 08:50:00,33.9,33.8,42.2
2025-09-17 09:00:00,34.0,33.6,42.4
2025-09-17 09:10:00,33.8,33.9,42.3
2025-09-17 09:20:00,33.9,34.9,42.4
2025-09-17 09:30:00,34.2,34.0,42.6
2025-09-17 09:40:00,34.3,34.3,42.6
2025-09-17 09:50:00,34.3,34.8,42.7
2025-09-17 10:00:00,34.5,34.9,42.9
2025-09-17 10:10:00,34.6,34.0,42.9
2025-09-17 10:20:00,34.7,34.6,43.1
2025-09-17 10:30:00,34.8,34.8,43.2
2025-09-17 10:40:00,34.8,34.0,43.1
2025-09-17 10:50:00,35.0,32.4,43.1
2025-09-17 11:00:00,35.3,34.4,43.3
2025-09-17 11:10:00,35.1,35.6,43.2
2025-09-17 11:20:00,35.2,35.1,43.5
2025-09-17 11:30:00,35.4,35.0,43.5
2025-09-17 11:40:00,35.5,33.1,43.4
2025-09-17 11:50:00,34.6,33.1,43.4
2025-09-17 12:00:00,34.5,36.0,43.4