"_time","Mean (DS18B20)","Mean (SDC40)","Mean (AHT20)","Mean (BMP280)","Mean (Others)"
2025-09-04 12:10:00,25.8,30.3,31.0,34.8,26.5
2025-09-04 12:20:00,26.0,30.8,31.8,36.5,26.9
2025-09-04 12:30:00,26.0,30.4,32.1,35.5,27.1
2025-09-04 12:40:00,26.2,30.6,31.3,35.8,27.0
2025-09-04 12:50:00,25.9,30.5,30.6,34.9,26.9
2025-09-04 13:00:00,25.9,30.5,30.3,35.0,26.8
2025-09-04 13:10:00,25.8,30.6,30.4,35.0,26.8
2025-09-04 13:20:00,25.9,30.6,30.3,35.1,26.8
2025-09-04 13:30:00,26.0,30.8,30.1,35.0,26.8
2025-09-04 13:40:00,26.0,30.9,30.4,35.2,27.0
2025-09-04 13:50:00,26.0,30.8,30.6,35.2,27.0
2025-09-04 14:00:00,26.2,30.8,30.3,35.2,27.1
2025-09-04 14:10:00,26.4,30.7,30.6,35.4,27.1
2025-09-04 14:20:00,26.2,30.8,30.5,35.1,27.0
2025-09-04 14:30:00,26.1,30.6,30.5,35.4,26.9
2025-09-04 14:40:00,26.0,30.8,31.2,36.0,27.1
2025-09-04 14:50:00,26.2,31.2,31.5,36.5,27.2
2025-09-04 15:00:00,26.2,30.8,30.6,35.3,27.1
2025-09-04 15:10:00,26.0,30.6,30.2,34.9,27.0
2025-09-04 15:20:00,26.1,30.6,30.4,35.1,26.9
2025-09-04 15:30:00,26.4,30.6,30.6,35.4,26.9
2025-09-04 15:40:00,26.1,30.6,30.7,35.4,26.8
2025-09-04 15:50:00,25.9,30.7,30.8,35.7,27.1
2025-09-04 16:00:00,26.3,30.7,30.8,35.4,27.0
2025-09-04 16:10:00,26.1,30.7,30.4,35.3,26.9
2025-09-04 16:20:00,26.2,30.6,30.7,35.5,27.0
2025-09-04 16:30:00,26.3,30.8,30.6,35.6,27.1
2025-09-04 16:40:00,26.2,30.6,30.8,35.3,27.2
2025-09-04 16:50:00,26.2,30.6,30.4,35.8,26.9
2025-09-04 17:00:00,26.1,30.6,30.9,35.3,27.0
2025-09-04 17:10:00,26.1,30.4,31.3,35.7,27.1
2025-09-04 17:20:00,26.1,30.3,31.3,34.9,27.0
2025-09-04 17:30:00,26.0,30.3,31.1,35.3,26.9
2025-09-04 17:40:00,25.9,30.2,31.2,35.5,26.8
2025-09-04 17:50:00,25.9,30.3,31.0,35.6,26.8
2025-09-04 18:00:00,25.8,30.1,31.1,35.8,26.7
2025-09-04 18:10:00,25.6,30.2,31.1,36.1,26.7
2025-09-04 18:20:00,25.9,30.3,31.1,35.9,26.7
2025-09-04 18:30:00,25.7,30.0,31.1,35.9,26.7
2025-09-04 18:40:00,25.7,30.3,31.0,35.9,26.6
2025-09-04 18:50:00,25.5,30.1,30.9,36.0,26.5
2025-09-04 19:00:00,25.8,30.2,30.8,35.6,26.5
2025-09-04 19:10:00,25.4,30.2,30.8,35.5,26.5
2025-09-04 19:20:00,25.5,30.1,30.8,35.3,26.4
2025-09-04 19:30:00,25.6,30.1,30.7,35.6,26.4
2025-09-04 19:40:00,25.5,29.8,30.7,35.7,26.4
2025-09-04 19:50:00,25.5,29.9,30.4,34.9,26.3
2025-09-04 20:00:00,25.3,30.3,30.4,35.4,26.2
2025-09-04 20:10:00,25.4,29.9,30.5,35.4,26.2
2025-09-04 20:20:00,25.4,29.7,30.5,35.5,26.3
2025-09-04 20:30:00,25.4,30.0,30.5,34.9,26.2
2025-09-04 20:40:00,25.4,29.9,30.5,35.2,26.2
2025-09-04 20:50:00,25.1,29.7,30.4,35.0,26.2
2025-09-04 21:00:00,25.3,29.6,30.4,35.4,26.1
2025-09-04 21:10:00,25.1,29.8,30.3,35.1,26.1
2025-09-04 21:20:00,25.3,29.8,30.2,35.7,26.1
2025-09-04 21:30:00,25.2,29.7,30.1,34.7,26.0
2025-09-04 21:40:00,25.2,30.0,30.2,35.4,26.0
2025-09-04 21:50:00,25.3,29.8,30.0,34.9,26.0
2025-09-04 22:00:00,25.1,29.6,29.9,35.1,26.1
2025-09-04 22:10:00,25.0,29.6,29.9,35.2,26.1
2025-09-04 22:20:00,25.2,29.6,29.9,35.2,26.0
2025-09-04 22:30:00,25.0,29.5,29.8,35.4,26.0
2025-09-04 22:40:00,24.8,29.6,29.8,35.0,26.0
2025-09-04 22:50:00,25.0,29.8,29.9,34.5,26.0
2025-09-04 23:00:00,24.9,29.6,29.8,35.1,25.9
2025-09-04 23:10:00,25.0,29.6,29.6,34.7,25.9
2025-09-04 23:20:00,24.9,29.4,29.7,34.8,25.9
2025-09-04 23:30:00,25.0,29.3,29.7,35.2,25.9
2025-09-04 23:40:00,,29.7,29.7,34.9,25.9
2025-09-04 23:50:00,25.0,29.4,29.6,34.8,25.8
2025-09-05 00:00:00,24.7,29.2,29.4,34.5,25.8
2025-09-05 00:10:00,,29.5,29.4,34.8,25.8
2025-09-05 00:20:00,24.8,29.1,29.4,34.7,25.8
2025-09-05 00:30:00,24.8,29.5,29.4,34.7,25.8
2025-09-05 00:40:00,24.8,29.3,29.2,34.8,25.7
2025-09-05 00:50:00,24.7,29.3,29.2,34.5,25.7
2025-09-05 01:00:00,24.7,29.2,29.2,34.7,25.6
2025-09-05 01:10:00,24.7,29.5,29.1,34.4,25.7
2025-09-05 01:20:00,24.5,29.2,29.1,34.3,25.6
2025-09-05 01:30:00,24.7,29.4,29.1,34.4,25.5
2025-09-05 01:40:00,24.6,29.1,28.9,34.4,25.5
2025-09-05 01:50:00,24.8,29.1,28.8,34.1,25.5
2025-09-05 02:00:00,24.6,29.2,28.8,33.9,25.5
2025-09-05 02:10:00,24.5,29.1,28.8,34.2,25.4
2025-09-05 02:20:00,24.4,28.8,28.8,34.1,25.4
2025-09-05 02:30:00,24.6,29.0,28.7,34.0,25.3
2025-09-05 02:40:00,24.6,29.2,28.6,33.9,25.3
2025-09-05 02:50:00,24.3,29.0,28.7,33.9,25.2
2025-09-05 03:00:00,24.5,28.9,28.6,34.1,25.2
2025-09-05 03:10:00,24.3,29.0,28.6,34.0,25.2
2025-09-05 03:20:00,24.4,28.7,28.6,33.7,25.1
2025-09-05 03:30:00,24.3,28.9,28.6,34.0,25.1
2025-09-05 03:40:00,24.2,28.8,28.5,33.8,25.1
2025-09-05 03:50:00,24.3,28.8,28.6,34.0,25.1
2025-09-05 04:00:00,24.2,29.0,28.5,33.7,25.1
2025-09-05 04:10:00,24.4,28.7,28.6,33.9,25.0
2025-09-05 04:20:00,24.1,28.9,28.6,33.9,24.9
2025-09-05 04:30:00,24.2,28.9,28.6,33.6,25.0
2025-09-05 04:40:00,24.1,29.3,28.6,33.8,24.9
2025-09-05 04:50:00,24.1,28.8,28.5,34.0,24.9
2025-09-05 05:00:00,24.1,28.6,28.5,33.8,24.9
2025-09-05 05:10:00,24.0,28.4,28.4,33.9,24.9
2025-09-05 05:20:00,23.9,28.6,28.4,33.8,24.8
2025-09-05 05:30:00,24.1,28.4,28.4,33.7,24.8
2025-09-05 05:40:00,24.0,28.7,28.4,33.4,24.8
2025-09-05 05:50:00,24.0,28.5,28.3,33.7,24.7
2025-09-05 06:00:00,23.9,28.6,28.3,33.6,24.7
2025-09-05 06:10:00,24.0,28.3,28.4,33.7,24.7
2025-09-05 06:20:00,23.9,28.3,28.3,33.5,24.6
2025-09-05 06:30:00,23.8,28.6,28.1,33.6,24.6
2025-09-05 06:40:00,23.8,28.4,28.1,33.3,24.6
2025-09-05 06:50:00,23.8,28.5,28.1,33.4,24.6
2025-09-05 07:00:00,23.7,28.2,28.1,33.6,24.6
2025-09-05 07:10:00,23.8,28.3,28.1,33.7,24.6
2025-09-05 07:20:00,23.8,28.5,28.1,33.6,24.6
2025-09-05 07:30:00,23.8,28.4,28.2,33.6,24.5
2025-09-05 07:40:00,23.7,28.3,28.2,33.3,24.5
2025-09-05 07:50:00,23.8,28.1,28.2,33.5,24.5
2025-09-05 08:00:00,23.8,28.1,28.2,33.6,24.5
2025-09-05 08:10:00,23.6,28.6,28.4,33.9,24.6
2025-09-05 08:20:00,23.9,28.5,28.9,33.7,24.7
2025-09-05 08:30:00,24.0,28.8,29.1,33.2,24.8
2025-09-05 08:40:00,23.8,28.7,28.9,34.2,24.8
2025-09-05 08:50:00,24.1,28.9,29.1,34.4,25.0
2025-09-05 09:00:00,24.1,29.1,29.0,34.3,25.0
2025-09-05 09:10:00,24.1,28.7,28.8,33.7,24.8
2025-09-05 09:20:00,24.2,28.8,28.8,33.7,24.9
2025-09-05 09:30:00,24.3,29.2,29.0,33.7,25.1
2025-09-05 09:40:00,24.4,29.2,29.2,33.9,25.2
2025-09-05 09:50:00,24.5,29.6,29.4,34.3,25.4
2025-09-05 10:00:00,24.7,29.7,29.4,34.0,25.6
2025-09-05 10:10:00,24.8,29.7,29.4,34.3,25.9
2025-09-05 10:20:00,25.0,29.7,29.6,34.5,25.9
2025-09-05 10:30:00,25.2,30.3,30.6,35.2,26.2
2025-09-05 10:40:00,25.4,30.8,31.4,35.6,26.7
2025-09-05 10:50:00,25.6,30.8,31.5,35.8,26.8
2025-09-05 11:00:00,25.7,31.0,31.7,36.5,27.0
2025-09-05 11:10:00,25.8,30.9,31.8,35.8,27.1
2025-09-05 11:20:00,26.1,31.0,31.8,35.7,27.1
2025-09-05 11:30:00,26.1,31.0,31.8,36.1,27.2
2025-09-05 11:40:00,26.2,31.3,32.1,36.7,27.4
2025-09-05 11:50:00,26.3,31.5,32.1,36.2,27.4
2025-09-05 12:00:00,26.4,31.1,31.0,35.6,27.3
2025-09-05 12:10:00,26.4,30.8,30.5,35.0,27.2
2025-09-05 12:20:00,26.5,30.9,30.7,35.6,27.2
2025-09-05 12:30:00,26.6,31.4,32.1,36.7,27.5
2025-09-05 12:40:00,26.5,31.5,32.2,36.6,27.7
2025-09-05 12:50:00,26.7,31.5,31.6,36.3,27.7
2025-09-05 13:00:00,26.6,31.0,30.6,35.4,27.4
2025-09-05 13:10:00,26.5,30.8,30.6,35.3,27.3
2025-09-05 13:20:00,26.6,31.0,30.6,35.2,27.3
2025-09-05 13:30:00,26.7,31.0,31.2,35.5,27.4
2025-09-05 13:40:00,26.7,30.9,30.8,35.3,27.3
2025-09-05 13:50:00,26.6,31.2,30.9,35.4,27.2
2025-09-05 14:00:00,26.7,31.1,31.1,35.6,27.2
2025-09-05 14:10:00,26.6,31.1,30.6,35.6,27.1
2025-09-05 14:20:00,26.3,31.0,30.4,35.7,27.1
2025-09-05 14:30:00,26.3,30.9,30.3,35.3,27.1
2025-09-05 14:40:00,26.5,30.9,30.5,35.5,27.1
2025-09-05 14:50:00,26.5,30.8,30.4,35.2,27.2
2025-09-05 15:00:00,26.4,30.9,30.5,35.1,27.3
2025-09-05 15:10:00,26.5,30.8,30.7,35.2,27.4
2025-09-05 15:20:00,26.9,31.1,30.6,35.4,27.3
2025-09-05 15:30:00,26.6,31.0,30.7,35.3,27.4
2025-09-05 15:40:00,26.4,31.1,31.0,35.5,27.4
2025-09-05 15:50:00,26.8,31.1,31.0,35.9,27.3
2025-09-05 16:00:00,26.7,31.2,31.0,35.6,27.5
2025-09-05 16:10:00,26.6,31.2,31.0,35.6,27.4
2025-09-05 16:20:00,26.8,31.2,30.9,35.5,27.5
2025-09-05 16:30:00,26.8,31.3,31.1,35.3,27.5
2025-09-05 16:40:00,26.7,31.1,31.2,35.5,27.5
2025-09-05 16:50:00,26.8,31.1,31.0,35.6,27.3
2025-09-05 17:00:00,26.6,31.1,31.3,35.8,27.4
2025-09-05 17:10:00,26.9,31.1,32.0,36.5,27.7
2025-09-05 17:20:00,26.7,31.1,31.9,36.2,27.6
2025-09-05 17:30:00,26.6,31.0,31.9,36.3,27.6
2025-09-05 17:40:00,26.5,31.0,32.0,36.3,27.5
2025-09-05 17:50:00,26.5,31.1,31.8,36.4,27.5
2025-09-05 18:00:00,26.6,31.0,31.8,36.4,27.4
2025-09-05 18:10:00,26.4,30.8,31.7,36.2,27.4
2025-09-05 18:20:00,26.4,31.1,31.6,36.1,27.3
2025-09-05 18:30:00,26.3,31.0,31.6,36.1,27.3
2025-09-05 18:40:00,26.2,30.9,31.5,36.1,27.2
2025-09-05 18:50:00,26.3,30.9,31.5,36.2,27.2
2025-09-05 19:00:00,26.2,31.0,31.4,36.4,27.2
2025-09-05 19:10:00,26.2,30.9,31.4,36.2,27.1
2025-09-05 19:20:00,26.2,30.9,31.4,36.1,27.0
2025-09-05 19:30:00,26.2,30.9,31.4,36.1,27.0
2025-09-05 19:40:00,26.0,30.6,31.3,36.3,27.0
2025-09-05 19:50:00,26.1,30.7,31.2,36.0,26.9
2025-09-05 20:00:00,25.9,30.7,31.0,35.9,26.9
2025-09-05 20:10:00,26.1,30.7,31.1,35.8,26.9
2025-09-05 20:20:00,26.0,30.8,31.1,36.1,26.8
2025-09-05 20:30:00,26.0,30.4,31.0,35.9,26.8
2025-09-05 20:40:00,25.8,30.8,31.1,35.8,26.8
2025-09-05 20:50:00,25.8,30.7,31.0,36.1,26.8
2025-09-05 21:00:00,25.9,30.7,31.2,36.2,26.7
2025-09-05 21:10:00,25.9,30.6,31.2,36.1,26.7
2025-09-05 21:20:00,25.9,30.4,31.2,35.8,26.7
2025-09-05 21:30:00,25.7,30.4,31.2,35.9,26.7
2025-09-05 21:40:00,26.1,30.6,31.2,36.1,26.7
2025-09-05 21:50:00,25.7,30.3,31.0,35.9,26.6
2025-09-05 22:00:00,25.7,30.6,31.1,36.0,26.6
2025-09-05 22:10:00,25.8,30.6,31.0,35.7,26.6
2025-09-05 22:20:00,25.6,30.3,30.9,36.0,26.6
2025-09-05 22:30:00,25.9,30.3,30.8,35.7,26.6
2025-09-05 22:40:00,25.8,30.4,30.8,35.8,26.5
2025-09-05 22:50:00,25.7,30.5,30.8,35.9,26.5
2025-09-05 23:00:00,25.6,30.1,30.6,36.0,26.5
2025-09-05 23:10:00,25.6,30.4,30.6,35.8,26.5
2025-09-05 23:20:00,25.6,30.3,30.6,35.5,26.4
2025-09-05 23:30:00,25.3,30.2,30.5,35.7,26.4
2025-09-05 23:40:00,25.6,30.3,30.4,35.6,26.3
2025-09-05 23:50:00,25.5,30.2,30.3,35.4,26.3
2025-09-06 00:00:00,25.6,29.8,30.3,35.2,26.3
2025-09-06 00:10:00,25.3,29.9,30.2,35.4,26.3
2025-09-06 00:20:00,25.4,30.0,30.1,35.1,26.2
2025-09-06 00:30:00,25.3,29.9,30.1,35.1,26.2
2025-09-06 00:40:00,25.3,30.0,30.0,35.3,26.1
2025-09-06 00:50:00,25.2,29.9,30.0,35.1,26.1
2025-09-06 01:00:00,25.5,30.2,29.9,34.7,26.1
2025-09-06 01:10:00,25.2,29.8,29.8,35.1,26.1
2025-09-06 01:20:00,25.2,30.0,29.9,34.7,26.0
2025-09-06 01:30:00,25.3,29.9,29.9,34.8,26.0
2025-09-06 01:40:00,25.2,30.0,29.8,34.8,26.0
2025-09-06 01:50:00,25.3,29.7,29.7,34.7,25.9
2025-09-06 02:00:00,25.1,29.9,29.6,34.6,26.0
2025-09-06 02:10:00,25.0,29.9,29.6,34.7,26.0
2025-09-06 02:20:00,25.1,29.9,29.5,34.7,26.0
2025-09-06 02:30:00,25.0,29.8,29.6,34.7,25.9
2025-09-06 02:40:00,25.0,29.9,29.4,34.4,25.9
2025-09-06 02:50:00,25.1,29.6,29.5,34.6,25.9
2025-09-06 03:00:00,24.9,29.5,29.4,34.4,25.9
2025-09-06 03:10:00,25.0,29.4,29.5,34.9,25.8
2025-09-06 03:20:00,25.1,29.3,29.6,34.9,25.8
2025-09-06 03:30:00,24.9,29.7,29.4,34.4,25.8
2025-09-06 03:40:00,25.0,29.4,29.7,34.8,25.8
2025-09-06 03:50:00,24.8,29.3,29.4,34.4,25.7
2025-09-06 04:00:00,25.0,29.6,29.6,34.5,25.7
2025-09-06 04:10:00,24.7,29.3,29.6,34.3,25.6
2025-09-06 04:20:00,24.8,29.1,29.6,34.4,25.6
2025-09-06 04:30:00,24.7,29.2,29.7,34.1,25.6
2025-09-06 04:40:00,24.8,29.1,29.5,34.2,25.5
2025-09-06 04:50:00,24.6,29.1,29.5,34.3,25.5
2025-09-06 05:00:00,24.7,29.0,29.6,34.3,25.5
2025-09-06 05:10:00,24.5,29.1,29.5,34.1,25.5
2025-09-06 05:20:00,24.7,29.0,29.4,34.4,25.5
2025-09-06 05:30:00,24.6,29.0,29.4,34.0,25.4
2025-09-06 05:40:00,24.6,28.8,29.4,33.6,25.4
2025-09-06 05:50:00,24.5,29.0,29.2,34.0,25.4
2025-09-06 06:00:00,24.5,28.8,29.4,33.4,25.3
2025-09-06 06:10:00,24.5,28.8,29.4,33.7,25.2
2025-09-06 06:20:00,24.4,28.8,29.3,33.7,25.2
2025-09-06 06:30:00,24.5,28.7,29.4,33.4,25.2
2025-09-06 06:40:00,24.2,28.5,29.4,33.5,25.2
2025-09-06 06:50:00,24.6,28.7,29.2,33.4,25.1
2025-09-06 07:00:00,24.3,28.6,29.4,33.2,25.1
2025-09-06 07:10:00,24.4,28.3,29.4,33.1,25.1
2025-09-06 07:20:00,24.3,28.3,29.2,33.0,25.1
2025-09-06 07:30:00,24.2,28.1,29.3,33.3,25.0
2025-09-06 07:40:00,24.2,28.3,29.2,32.6,25.0
2025-09-06 07:50:00,24.2,28.0,29.3,32.6,24.9
2025-09-06 08:00:00,24.3,28.1,29.3,33.5,24.9
2025-09-06 08:10:00,24.4,28.0,29.4,33.2,24.9
2025-09-06 08:20:00,24.4,28.3,29.2,33.6,24.9
2025-09-06 08:30:00,24.2,28.1,29.4,33.0,24.9
2025-09-06 08:40:00,24.3,28.3,29.2,32.8,25.0
2025-09-06 08:50:00,24.4,28.4,29.4,32.9,25.1
2025-09-06 09:00:00,24.5,28.6,29.7,33.6,25.2
2025-09-06 09:10:00,24.6,28.9,29.8,33.9,25.3
2025-09-06 09:20:00,24.6,29.0,29.9,33.4,25.4
2025-09-06 09:30:00,24.8,28.9,29.9,33.5,25.6
2025-09-06 09:40:00,24.9,29.2,30.2,33.8,25.6
2025-09-06 09:50:00,25.0,29.2,30.3,34.2,25.8
2025-09-06 10:00:00,25.0,29.4,30.3,34.2,25.9
2025-09-06 10:10:00,25.3,29.7,30.5,34.6,26.0
2025-09-06 10:20:00,25.3,29.7,30.6,34.8,26.2
2025-09-06 10:30:00,25.3,29.6,30.7,34.7,26.2
2025-09-06 10:40:00,25.5,30.0,30.8,35.0,26.4
2025-09-06 10:50:00,25.7,30.0,30.9,35.4,26.5
2025-09-06 11:00:00,25.7,30.3,31.1,35.3,26.6
2025-09-06 11:10:00,25.8,30.3,31.1,35.4,26.7
2025-09-06 11:20:00,26.0,30.3,31.3,35.5,26.9
2025-09-06 11:30:00,26.0,30.7,31.4,35.6,26.9
2025-09-06 11:40:00,26.2,30.7,31.6,36.0,27.1
2025-09-06 11:50:00,26.3,31.0,31.7,36.0,27.2
2025-09-06 12:00:00,26.4,31.0,31.8,36.0,27.3
2025-09-06 12:10:00,26.4,31.0,31.8,36.0,27.4
2025-09-06 12:20:00,26.5,31.0,31.7,36.0,27.3
2025-09-06 12:30:00,26.5,31.1,31.7,35.7,27.4
2025-09-06 12:40:00,26.3,31.0,31.8,36.1,27.4
2025-09-06 12:50:00,26.6,30.8,31.6,35.9,27.5
2025-09-06 13:00:00,26.6,31.1,31.7,36.0,27.5
2025-09-06 13:10:00,26.6,31.0,31.7,35.4,27.5
2025-09-06 13:20:00,27.0,30.9,31.6,35.5,27.3
2025-09-06 13:30:00,26.6,30.9,31.6,35.5,27.3
2025-09-06 13:40:00,26.8,30.9,31.6,35.4,27.3
2025-09-06 13:50:00,26.4,30.9,31.7,35.9,27.3
2025-09-06 14:00:00,26.6,30.6,31.5,35.7,27.5
2025-09-06 14:10:00,26.7,30.9,31.8,35.6,27.4
2025-09-06 14:20:00,26.7,31.1,31.8,35.9,27.4
2025-09-06 14:30:00,26.6,31.1,31.8,35.8,27.4
2025-09-06 14:40:00,26.7,31.1,31.8,35.5,27.5
2025-09-06 14:50:00,26.6,31.2,31.8,35.6,27.5
2025-09-06 15:00:00,26.6,30.8,31.8,35.6,27.5
2025-09-06 15:10:00,26.8,30.8,31.7,35.8,27.5
2025-09-06 15:20:00,26.8,30.7,31.6,35.3,27.5
2025-09-06 15:30:00,26.9,31.0,31.8,35.9,27.5
2025-09-06 15:40:00,27.1,31.1,31.9,35.7,27.5
2025-09-06 15:50:00,26.7,30.9,32.0,35.7,27.6
2025-09-06 16:00:00,26.5,31.0,31.9,36.0,27.5
2025-09-06 16:10:00,26.8,31.0,31.8,35.8,27.5
2025-09-06 16:20:00,26.7,30.8,31.8,35.6,27.5
2025-09-06 16:30:00,26.8,30.5,31.7,35.6,27.5
2025-09-06 16:40:00,26.9,30.9,31.9,35.7,27.4
2025-09-06 16:50:00,26.5,30.6,31.8,35.5,27.4
2025-09-06 17:00:00,26.6,30.7,31.8,35.5,27.4
2025-09-06 17:10:00,26.5,30.5,31.7,35.3,27.3
2025-09-06 17:20:00,26.5,30.8,31.9,35.8,27.4
2025-09-06 17:30:00,26.6,31.1,31.8,36.3,27.3
2025-09-06 17:40:00,26.6,30.9,31.8,35.8,27.3
2025-09-06 17:50:00,26.3,30.6,31.8,35.7,27.3
2025-09-06 18:00:00,26.7,30.7,31.7,35.7,27.3
2025-09-06 18:10:00,26.3,30.7,31.7,36.1,27.3
2025-09-06 18:20:00,26.3,31.0,31.8,35.9,27.3
2025-09-06 18:30:00,26.3,31.0,31.8,36.6,27.2
2025-09-06 18:40:00,26.3,31.0,31.6,36.4,27.2
2025-09-06 18:50:00,26.2,30.8,31.6,36.3,27.2
2025-09-06 19:00:00,26.3,30.9,31.5,36.4,27.2
2025-09-06 19:10:00,26.2,30.8,31.6,36.3,27.1
2025-09-06 19:20:00,26.2,30.8,31.3,36.1,27.1
2025-09-06 19:30:00,26.4,30.8,31.2,36.0,27.1
2025-09-06 19:40:00,26.3,30.6,31.2,36.3,27.1
2025-09-06 19:50:00,26.1,30.8,31.2,36.1,27.0
2025-09-06 20:00:00,26.1,30.7,31.1,36.1,26.9
2025-09-06 20:10:00,25.9,30.8,31.1,35.9,26.8
2025-09-06 20:20:00,26.1,30.7,31.2,36.1,26.9
2025-09-06 20:30:00,26.1,30.4,31.2,36.2,26.8
2025-09-06 20:40:00,25.9,30.7,31.2,36.2,26.8
2025-09-06 20:50:00,26.0,30.6,31.1,36.0,26.8
2025-09-06 21:00:00,25.8,30.3,31.0,36.0,26.8
2025-09-06 21:10:00,26.0,30.5,31.0,35.9,26.8
2025-09-06 21:20:00,25.8,30.6,31.0,36.0,26.7
2025-09-06 21:30:00,25.9,30.4,30.8,35.9,26.7
2025-09-06 21:40:00,25.9,30.5,30.8,35.7,26.6
2025-09-06 21:50:00,25.9,30.0,30.8,35.7,26.7
2025-09-06 22:00:00,25.8,30.3,30.9,35.8,26.6
2025-09-06 22:10:00,25.8,30.3,30.8,35.7,26.6
2025-09-06 22:20:00,25.9,30.4,30.8,35.8,26.6
2025-09-06 22:30:00,25.7,30.4,30.8,35.5,26.6
2025-09-06 22:40:00,25.7,30.3,30.7,35.5,26.5
2025-09-06 22:50:00,25.7,30.2,30.7,35.5,26.5
2025-09-06 23:00:00,25.5,30.3,30.6,35.7,26.5
2025-09-06 23:10:00,25.6,30.1,30.7,35.5,26.5
2025-09-06 23:20:00,25.6,30.1,30.6,35.6,26.5
2025-09-06 23:30:00,25.7,30.2,30.6,35.6,26.4
2025-09-06 23:40:00,25.6,30.1,30.6,35.5,26.4
2025-09-06 23:50:00,25.5,30.2,30.5,35.6,26.4
2025-09-07 00:00:00,25.7,30.1,30.4,35.4,26.4
2025-09-07 00:10:00,25.4,30.3,30.3,35.3,26.3
2025-09-07 00:20:00,25.3,30.0,30.2,35.1,26.3
2025-09-07 00:30:00,25.5,30.1,30.2,35.3,26.3
2025-09-07 00:40:00,25.3,30.0,30.1,35.1,26.2
2025-09-07 00:50:00,25.4,29.9,30.2,35.3,26.3
2025-09-07 01:00:00,25.4,30.0,30.2,35.3,26.2
2025-09-07 01:10:00,25.3,30.1,30.0,35.1,26.3
2025-09-07 01:20:00,25.3,30.0,30.1,35.2,26.2
2025-09-07 01:30:00,25.5,29.9,30.0,35.0,26.2
2025-09-07 01:40:00,25.4,29.8,30.1,35.3,26.2
2025-09-07 01:50:00,25.2,29.6,30.1,35.2,26.1
2025-09-07 02:00:00,25.1,29.8,30.1,35.0,26.1
2025-09-07 02:10:00,25.3,29.8,29.8,34.5,26.1
2025-09-07 02:20:00,25.3,29.8,30.0,34.9,26.1
2025-09-07 02:30:00,25.1,29.7,29.9,34.8,26.0
2025-09-07 02:40:00,25.1,29.6,29.9,34.8,26.0
2025-09-07 02:50:00,25.2,29.3,29.8,34.9,26.0
2025-09-07 03:00:00,25.1,29.8,29.9,35.0,26.0
2025-09-07 03:10:00,25.0,29.7,29.8,34.6,26.0
2025-09-07 03:20:00,25.2,29.7,29.8,34.9,25.9
2025-09-07 03:30:00,25.1,29.5,29.7,34.6,25.9
2025-09-07 03:40:00,25.0,29.6,29.8,34.6,25.9
2025-09-07 03:50:00,25.1,29.6,29.8,34.9,25.9
2025-09-07 04:00:00,25.1,29.4,29.7,34.7,25.9
2025-09-07 04:10:00,25.0,29.5,29.7,34.6,25.8
2025-09-07 04:20:00,24.8,29.4,29.7,34.8,25.8
2025-09-07 04:30:00,24.9,29.5,29.6,34.6,25.7
2025-09-07 04:40:00,24.9,29.4,29.5,34.3,25.8
2025-09-07 04:50:00,24.7,29.3,29.5,34.4,25.7
2025-09-07 05:00:00,24.9,29.3,29.4,34.2,25.6
2025-09-07 05:10:00,24.8,29.4,29.5,34.5,25.6
2025-09-07 05:20:00,24.7,29.1,29.7,34.2,25.5
2025-09-07 05:30:00,24.6,29.2,29.5,34.5,25.5
2025-09-07 05:40:00,24.8,29.0,29.5,34.2,25.5
2025-09-07 05:50:00,24.6,29.2,29.4,34.2,25.4
2025-09-07 06:00:00,24.6,29.0,29.5,34.1,25.4
2025-09-07 06:10:00,24.6,29.2,29.3,34.1,25.3
2025-09-07 06:20:00,24.6,28.8,29.7,33.7,25.3
2025-09-07 06:30:00,24.5,29.0,29.2,33.8,25.3
2025-09-07 06:40:00,24.7,29.0,29.3,34.1,25.2
2025-09-07 06:50:00,24.3,28.9,29.2,33.9,25.3
2025-09-07 07:00:00,24.4,29.0,29.2,33.5,25.2
2025-09-07 07:10:00,24.3,29.0,29.1,33.7,25.2
2025-09-07 07:20:00,24.3,28.8,29.2,33.8,25.2
2025-09-07 07:30:00,24.3,28.8,29.3,33.6,25.1
2025-09-07 07:40:00,24.3,28.5,29.3,33.7,25.0
2025-09-07 07:50:00,24.2,28.5,29.3,33.2,25.0
2025-09-07 08:00:00,24.3,27.9,29.2,33.1,24.9
2025-09-07 08:10:00,24.1,28.0,29.2,33.2,24.9
2025-09-07 08:20:00,24.2,28.3,29.2,33.8,24.9
2025-09-07 08:30:00,24.3,28.5,29.4,33.7,25.0
2025-09-07 08:40:00,24.5,28.4,29.5,33.6,25.1
2025-09-07 08:50:00,24.4,28.6,29.6,33.3,25.1
2025-09-07 09:00:00,24.4,28.6,29.8,33.7,25.3
2025-09-07 09:10:00,24.6,28.8,29.8,34.2,25.3
2025-09-07 09:20:00,24.7,28.9,29.9,33.8,25.4
2025-09-07 09:30:00,24.8,28.9,30.0,34.2,25.5
2025-09-07 09:40:00,24.8,29.0,30.2,34.0,25.7
2025-09-07 09:50:00,25.0,29.2,30.3,34.3,25.8
2025-09-07 10:00:00,25.1,29.4,30.3,34.4,25.9
2025-09-07 10:10:00,25.1,29.5,30.4,34.5,25.9
2025-09-07 10:20:00,25.3,29.6,30.7,35.1,26.2
2025-09-07 10:30:00,25.4,29.7,30.7,35.1,26.2
2025-09-07 10:40:00,25.5,30.0,30.9,35.0,26.4
2025-09-07 10:50:00,25.6,30.1,31.1,35.3,26.5
2025-09-07 11:00:00,25.8,30.3,31.3,35.4,26.6
2025-09-07 11:10:00,25.9,30.3,31.3,35.8,26.8
2025-09-07 11:20:00,26.0,30.6,31.5,35.3,26.9
2025-09-07 11:30:00,26.2,30.6,31.6,35.7,27.1
2025-09-07 11:40:00,26.3,30.8,31.8,36.1,27.2
2025-09-07 11:50:00,26.4,31.0,31.7,35.9,27.3
2025-09-07 12:00:00,26.5,31.1,31.8,36.4,27.4
2025-09-07 12:10:00,26.6,31.2,32.0,36.4,27.5
2025-09-07 12:20:00,26.7,31.4,32.2,36.8,27.7
2025-09-07 12:30:00,26.9,31.4,32.4,36.5,27.8
2025-09-07 12:40:00,26.9,31.6,32.4,36.7,27.9
2025-09-07 12:50:00,27.1,31.6,32.6,37.1,27.9
2025-09-07 13:00:00,27.1,31.8,32.8,37.0,28.1
2025-09-07 13:10:00,27.3,31.8,32.9,37.1,28.2
2025-09-07 13:20:00,27.3,31.9,32.8,37.3,28.3
2025-09-07 13:30:00,27.5,32.1,33.2,37.3,28.4
2025-09-07 13:40:00,27.6,32.1,33.0,37.3,28.5
2025-09-07 13:50:00,27.6,32.2,33.3,37.5,28.5
2025-09-07 14:00:00,27.6,32.5,33.3,37.6,28.6
2025-09-07 14:10:00,27.9,32.3,33.3,37.6,28.7
2025-09-07 14:20:00,27.8,32.4,33.5,37.7,28.8
2025-09-07 14:30:00,27.9,32.4,33.4,37.7,28.9
2025-09-07 14:40:00,28.0,32.6,33.4,37.7,28.9
2025-09-07 14:50:00,28.1,32.7,33.6,37.9,28.9
2025-09-07 15:00:00,28.1,32.4,33.4,37.9,29.0
2025-09-07 15:10:00,28.1,32.5,33.5,37.9,29.0
2025-09-07 15:20:00,28.3,32.6,33.5,37.8,29.0
2025-09-07 15:30:00,28.3,32.6,33.7,37.8,29.1
2025-09-07 15:40:00,28.4,32.5,33.5,37.6,29.0
2025-09-07 15:50:00,28.2,32.4,33.3,37.4,29.0
2025-09-07 16:00:00,28.3,33.1,33.6,37.5,29.0
2025-09-07 16:10:00,28.3,32.4,33.4,37.5,29.0
2025-09-07 16:20:00,28.1,32.5,33.5,37.7,29.0
2025-09-07 16:30:00,28.2,32.6,33.5,37.4,28.9
2025-09-07 16:40:00,28.1,32.5,33.6,38.2,29.0
2025-09-07 16:50:00,28.0,32.6,33.6,38.2,28.8
2025-09-07 17:00:00,28.1,32.5,33.5,38.3,28.8
2025-09-07 17:10:00,28.0,32.5,33.3,38.0,28.8
2025-09-07 17:20:00,27.8,32.5,33.2,37.8,28.8
2025-09-07 17:30:00,27.8,32.5,33.1,38.0,28.8
2025-09-07 17:40:00,27.7,32.4,33.0,37.9,28.7
2025-09-07 17:50:00,27.8,32.2,33.0,38.0,28.6
2025-09-07 18:00:00,27.8,32.6,33.0,38.0,28.8
2025-09-07 18:10:00,27.7,32.4,33.0,37.8,28.7
2025-09-07 18:20:00,27.6,32.5,33.0,38.0,28.7
2025-09-07 18:30:00,27.7,32.0,33.1,37.6,28.6
2025-09-07 18:40:00,27.7,32.5,33.0,37.8,28.7
2025-09-07 18:50:00,27.7,32.3,33.3,37.9,28.7
2025-09-07 19:00:00,27.7,32.3,33.2,37.7,28.7
2025-09-07 19:10:00,27.4,32.0,33.2,37.8,28.6
2025-09-07 19:20:00,27.6,32.1,33.1,37.7,28.5
2025-09-07 19:30:00,27.5,32.1,33.1,37.8,28.5
2025-09-07 19:40:00,27.7,32.2,33.1,37.7,28.5
2025-09-07 19:50:00,27.6,31.8,33.1,37.6,28.5
2025-09-07 20:00:00,27.6,32.0,33.1,37.7,28.5
2025-09-07 20:10:00,27.3,31.9,33.0,37.7,28.4
2025-09-07 20:20:00,27.2,32.1,33.1,37.5,28.4
2025-09-07 20:30:00,27.4,31.8,32.9,37.6,28.4
2025-09-07 20:40:00,27.5,31.8,32.8,37.5,28.4
2025-09-07 20:50:00,27.4,32.1,32.8,37.5,28.4
2025-09-07 21:00:00,27.3,31.9,32.9,37.5,28.3
2025-09-07 21:10:00,27.2,31.8,32.8,37.6,28.3
2025-09-07 21:20:00,27.7,32.0,32.7,37.5,28.3
2025-09-07 21:30:00,27.4,31.8,32.7,37.7,28.3
2025-09-07 21:40:00,27.4,32.1,32.6,37.6,28.3
2025-09-07 21:50:00,27.4,31.8,32.6,37.5,28.3
2025-09-07 22:00:00,27.3,31.9,32.5,37.5,28.2
2025-09-07 22:10:00,27.6,32.0,32.6,37.7,28.2
2025-09-07 22:20:00,27.4,31.9,32.5,37.5,28.2
2025-09-07 22:30:00,27.3,31.8,32.5,37.4,28.2
2025-09-07 22:40:00,27.7,31.9,32.5,37.5,28.2
2025-09-07 22:50:00,27.3,31.7,32.4,37.5,28.1
2025-09-07 23:00:00,27.3,31.9,32.3,36.9,28.2
2025-09-07 23:10:00,27.3,31.7,32.4,37.2,28.1
2025-09-07 23:20:00,27.2,31.7,32.4,37.4,28.1
2025-09-07 23:30:00,27.3,31.6,32.5,37.0,28.1
2025-09-07 23:40:00,27.1,31.7,32.6,37.4,28.0
2025-09-07 23:50:00,27.2,31.7,32.5,37.4,28.0
2025-09-08 00:00:00,27.2,32.2,32.6,37.3,28.0
2025-09-08 00:10:00,27.2,32.3,32.5,37.6,28.1
2025-09-08 00:20:00,27.0,31.8,32.5,37.2,28.1
2025-09-08 00:30:00,27.0,31.5,32.5,37.3,28.0
2025-09-08 00:40:00,27.2,31.7,32.6,36.9,28.0
2025-09-08 00:50:00,27.2,31.5,32.8,37.3,28.1
2025-09-08 01:00:00,27.2,31.4,32.7,37.3,28.0
2025-09-08 01:10:00,27.2,31.6,32.7,37.4,28.0
2025-09-08 01:20:00,27.2,31.6,32.7,37.5,28.0
2025-09-08 01:30:00,27.2,31.8,32.5,37.8,28.0
2025-09-08 01:40:00,27.1,31.6,32.6,37.3,28.0
2025-09-08 01:50:00,27.0,31.5,32.5,37.2,27.9
2025-09-08 02:00:00,27.3,31.4,32.5,37.0,27.9
2025-09-08 02:10:00,27.2,31.5,32.4,37.3,27.9
2025-09-08 02:20:00,27.1,31.5,32.3,37.1,27.9
2025-09-08 02:30:00,26.9,31.5,32.5,37.3,27.9
2025-09-08 02:40:00,27.0,31.5,32.3,37.3,27.9
2025-09-08 02:50:00,27.1,31.6,32.4,37.0,27.9
2025-09-08 03:00:00,26.8,31.4,32.3,37.2,27.9
2025-09-08 03:10:00,27.0,31.4,32.4,37.1,27.9
2025-09-08 03:20:00,26.9,31.5,32.3,37.2,27.9
2025-09-08 03:30:00,26.9,31.5,32.2,37.2,27.9
2025-09-08 03:40:00,26.9,31.4,32.3,37.2,27.9
2025-09-08 03:50:00,26.8,31.4,32.3,37.1,27.9
2025-09-08 04:00:00,27.2,31.3,32.2,36.8,27.9
2025-09-08 04:10:00,27.0,31.5,32.0,36.9,27.8
2025-09-08 04:20:00,27.0,31.6,32.0,36.8,27.9
2025-09-08 04:30:00,26.8,31.5,32.0,36.8,27.8
2025-09-08 04:40:00,26.7,31.5,31.9,36.9,27.8
2025-09-08 04:50:00,26.8,31.8,31.9,36.8,27.7
2025-09-08 05:00:00,27.0,31.6,31.9,37.0,27.8
2025-09-08 05:10:00,26.9,31.4,31.8,36.7,27.7
2025-09-08 05:20:00,26.7,31.4,31.7,36.8,27.8
2025-09-08 05:30:00,26.7,31.5,31.7,37.0,27.7
2025-09-08 05:40:00,27.0,31.4,31.8,36.9,27.7
2025-09-08 05:50:00,26.9,31.5,31.7,36.8,27.7
2025-09-08 06:00:00,27.0,31.4,31.7,36.8,27.7
2025-09-08 06:10:00,26.8,31.3,31.6,36.8,27.6
2025-09-08 06:20:00,27.2,31.3,31.6,36.6,27.7
2025-09-08 06:30:00,26.7,31.6,31.5,36.4,27.6
2025-09-08 06:40:00,26.7,31.3,31.6,36.4,27.6
2025-09-08 06:50:00,26.7,31.3,31.6,36.7,27.6
2025-09-08 07:00:00,26.6,31.2,31.6,36.7,27.6
2025-09-08 07:10:00,26.7,31.5,31.5,36.5,27.5
2025-09-08 07:20:00,26.6,31.2,31.6,36.7,27.6
2025-09-08 07:30:00,26.7,31.5,31.5,36.5,27.5
2025-09-08 07:40:00,26.7,31.3,31.5,36.7,27.5
2025-09-08 07:50:00,26.5,31.1,31.6,36.6,27.5
2025-09-08 08:00:00,26.6,31.1,31.4,36.5,27.5
2025-09-08 08:10:00,26.6,31.3,31.5,36.6,27.5
2025-09-08 08:20:00,26.5,31.1,31.5,36.7,27.4
2025-09-08 08:30:00,26.5,31.6,31.4,36.6,27.4
2025-09-08 08:40:00,26.7,31.2,31.3,36.5,27.5
2025-09-08 08:50:00,26.4,31.2,31.3,36.0,27.4
2025-09-08 09:00:00,26.6,31.2,31.4,36.4,27.4
2025-09-08 09:10:00,26.5,31.0,31.6,36.7,27.4
2025-09-08 09:20:00,26.5,31.3,31.4,36.3,27.5
2025-09-08 09:30:00,26.4,31.2,31.8,36.8,27.5
2025-09-08 09:40:00,26.7,31.2,31.5,37.0,27.5
2025-09-08 09:50:00,26.7,31.4,31.7,36.6,27.6
2025-09-08 10:00:00,26.6,31.6,31.8,36.9,27.6
2025-09-08 10:10:00,26.5,31.4,31.9,36.8,27.6
2025-09-08 10:20:00,26.9,31.3,31.8,36.4,27.7
2025-09-08 10:30:00,26.8,31.6,32.3,37.1,27.7
2025-09-08 10:40:00,26.9,31.7,32.6,37.3,27.8
2025-09-08 10:50:00,27.0,31.9,32.8,37.2,28.0
2025-09-08 11:00:00,27.2,32.0,32.8,37.6,28.2
2025-09-08 11:10:00,27.3,32.2,32.8,37.7,28.4
2025-09-08 11:20:00,27.6,32.2,33.1,37.3,28.4
2025-09-08 11:30:00,27.1,32.1,33.4,38.0,28.6
2025-09-08 11:40:00,27.5,32.2,33.4,38.0,28.5
2025-09-08 11:50:00,27.6,32.1,33.3,38.4,28.5
2025-09-08 12:00:00,27.5,32.3,33.2,37.8,28.6
2025-09-08 12:10:00,27.5,32.1,33.2,37.4,28.6
2025-09-08 12:20:00,27.7,32.2,33.3,38.2,28.6
2025-09-08 12:30:00,27.7,32.3,33.4,37.3,28.7
2025-09-08 12:40:00,27.8,32.3,33.3,38.1,28.7
2025-09-08 12:50:00,27.7,32.3,33.5,38.1,28.7
2025-09-08 13:00:00,27.7,32.3,33.3,38.0,28.7
2025-09-08 13:10:00,27.7,32.4,33.4,38.2,28.7
2025-09-08 13:20:00,28.0,32.2,33.5,38.0,28.6
2025-09-08 13:30:00,27.7,32.4,33.4,38.3,28.7
2025-09-08 13:40:00,27.9,32.4,33.7,38.1,28.8
2025-09-08 13:50:00,28.0,32.6,33.4,37.8,28.8
2025-09-08 14:00:00,28.1,32.5,33.7,37.9,28.9
2025-09-08 14:10:00,27.9,32.4,33.5,38.5,28.9
2025-09-08 14:20:00,28.2,32.3,33.6,38.3,28.9
2025-09-08 14:30:00,27.9,32.5,33.6,38.3,28.9
2025-09-08 14:40:00,28.1,32.4,33.5,38.2,28.9
2025-09-08 14:50:00,27.9,32.5,33.5,37.9,28.8
2025-09-08 15:00:00,27.8,32.6,33.4,38.1,28.8
2025-09-08 15:10:00,28.0,32.5,33.2,37.8,28.8
2025-09-08 15:20:00,27.9,32.2,33.3,37.9,28.7
2025-09-08 15:30:00,27.7,32.3,33.2,37.8,28.6
2025-09-08 15:40:00,27.8,32.4,33.1,37.7,28.7
2025-09-08 15:50:00,27.8,32.3,33.1,38.0,28.7
2025-09-08 16:00:00,27.4,32.2,33.1,38.0,28.6
2025-09-08 16:10:00,27.7,32.4,32.8,37.8,28.7
2025-09-08 16:20:00,27.7,32.4,33.0,38.0,28.6
2025-09-08 16:30:00,27.7,32.2,33.1,37.9,28.6
2025-09-08 16:40:00,27.8,32.3,33.3,38.0,28.6
2025-09-08 16:50:00,27.6,32.2,33.1,37.9,28.6
2025-09-08 17:00:00,27.5,32.3,33.0,37.7,28.6
2025-09-08 17:10:00,27.6,32.3,33.0,38.0,28.6
2025-09-08 17:20:00,27.6,32.0,33.1,37.9,28.6
2025-09-08 17:30:00,27.8,32.3,33.0,37.8,28.5
2025-09-08 17:40:00,27.4,32.1,33.1,37.8,28.5
2025-09-08 17:50:00,27.6,32.0,33.0,37.8,28.4
2025-09-08 18:00:00,27.5,32.0,33.1,37.9,28.4
2025-09-08 18:10:00,27.5,32.1,33.1,37.8,28.5
2025-09-08 18:20:00,27.6,32.0,33.2,37.6,28.4
2025-09-08 18:30:00,27.5,31.9,33.1,37.6,28.4
2025-09-08 18:40:00,27.5,32.0,33.0,37.7,28.3
2025-09-08 18:50:00,27.4,31.9,33.0,37.8,28.4
2025-09-08 19:00:00,27.6,31.9,32.9,37.6,28.3
2025-09-08 19:10:00,27.4,31.8,32.9,37.7,28.3
2025-09-08 19:20:00,27.3,31.9,32.8,37.7,28.3
2025-09-08 19:30:00,27.4,31.9,32.8,37.7,28.2
2025-09-08 19:40:00,27.2,31.7,32.9,37.7,28.1
2025-09-08 19:50:00,27.3,31.8,32.8,37.4,28.2
2025-09-08 20:00:00,27.1,32.0,32.8,37.5,28.1
2025-09-08 20:10:00,27.4,31.7,32.8,37.6,28.2
2025-09-08 20:20:00,27.3,31.6,32.7,37.6,28.1
2025-09-08 20:30:00,27.2,31.6,32.7,37.5,28.1
2025-09-08 20:40:00,27.3,31.7,32.7,37.6,28.1
2025-09-08 20:50:00,27.3,31.6,32.7,37.2,28.0
2025-09-08 21:00:00,27.1,31.6,32.7,37.5,28.0
2025-09-08 21:10:00,27.0,31.6,32.6,37.2,28.1
2025-09-08 21:20:00,27.3,31.6,32.5,37.2,28.0
2025-09-08 21:30:00,27.1,31.6,32.5,37.3,28.0
2025-09-08 21:40:00,27.0,31.4,32.4,37.4,28.0
2025-09-08 21:50:00,27.0,31.8,32.4,37.4,28.0
2025-09-08 22:00:00,27.1,31.7,32.5,37.2,28.0
2025-09-08 22:10:00,26.8,31.6,32.5,37.1,28.0
2025-09-08 22:20:00,26.9,31.4,32.3,36.8,27.9
2025-09-08 22:30:00,27.1,31.6,32.4,37.3,27.9
2025-09-08 22:40:00,27.0,31.5,32.4,37.3,27.8
2025-09-08 22:50:00,27.0,31.6,32.3,36.9,27.8
2025-09-08 23:00:00,27.0,31.5,32.2,37.1,27.9
2025-09-08 23:10:00,27.0,31.4,32.2,37.2,27.7
2025-09-08 23:20:00,26.8,31.3,32.4,36.9,27.8
2025-09-08 23:30:00,26.8,31.4,32.3,37.3,27.7
2025-09-08 23:40:00,26.9,31.3,32.2,37.2,27.8
2025-09-08 23:50:00,26.9,31.4,32.2,37.0,27.8
2025-09-09 00:00:00,26.7,31.4,32.2,36.8,27.7
2025-09-09 00:10:00,26.6,31.5,32.2,36.7,27.7
2025-09-09 00:20:00,26.9,31.4,32.1,36.8,27.7
2025-09-09 00:30:00,26.8,31.2,32.1,37.1,27.7
2025-09-09 00:40:00,26.8,31.5,32.1,37,27.6
2025-09-09 00:50:00,27.0,31.3,32.0,36.8,27.6
2025-09-09 01:00:00,26.8,31.2,31.9,36.9,27.6
2025-09-09 01:10:00,26.7,31.6,32.0,37.0,27.6
2025-09-09 01:20:00,26.8,31.2,31.9,36.7,27.5
2025-09-09 01:30:00,26.5,31.0,32.0,36.8,27.6
2025-09-09 01:40:00,26.7,31.2,32.0,36.9,27.6
2025-09-09 01:50:00,26.8,31.3,31.9,36.6,27.6
2025-09-09 02:00:00,26.7,31.2,31.9,36.7,27.6
2025-09-09 02:10:00,26.5,31.1,31.9,36.8,27.6
2025-09-09 02:20:00,26.7,31.1,32.0,36.6,27.5
2025-09-09 02:30:00,26.5,31.4,31.9,36.6,27.5
2025-09-09 02:40:00,26.5,31.0,31.8,36.8,27.5
2025-09-09 02:50:00,26.6,31.3,31.8,36.4,27.4
2025-09-09 03:00:00,26.6,31.0,31.9,36.7,27.4
2025-09-09 03:10:00,26.5,31.0,31.8,36.7,27.4
2025-09-09 03:20:00,26.7,31.1,31.8,36.6,27.4
2025-09-09 03:30:00,26.5,31.1,31.7,36.7,27.3
2025-09-09 03:40:00,26.5,30.9,31.6,36.5,27.3
2025-09-09 03:50:00,26.5,31.0,31.5,36.4,27.3
2025-09-09 04:00:00,26.3,31.0,31.5,36.5,27.3
2025-09-09 04:10:00,26.4,31.0,31.7,36.5,27.3
2025-09-09 04:20:00,26.4,31.0,31.5,36.4,27.3
2025-09-09 04:30:00,26.4,30.8,31.4,36.2,27.3
2025-09-09 04:40:00,26.3,30.9,31.4,36.4,27.3
2025-09-09 04:50:00,26.3,31.0,31.3,36.3,27.4
2025-09-09 05:00:00,26.5,30.9,31.1,36.1,27.3
2025-09-09 05:10:00,26.4,31.0,31.1,36.1,27.3
2025-09-09 05:20:00,26.2,30.9,31.1,36.1,27.3
2025-09-09 05:30:00,26.1,30.8,31.1,36.0,27.3
2025-09-09 05:40:00,26.3,30.9,31.1,36.0,27.3
2025-09-09 05:50:00,26.2,30.9,30.9,36.0,27.2
2025-09-09 06:00:00,26.1,30.8,30.9,35.9,27.2
2025-09-09 06:10:00,26.3,30.8,30.8,35.8,27.1
2025-09-09 06:20:00,26.3,30.8,30.9,35.9,27.2
2025-09-09 06:30:00,26.4,30.7,30.8,35.9,27.2
2025-09-09 06:40:00,26.1,30.9,30.8,35.7,27.1
2025-09-09 06:50:00,26.5,30.9,30.7,35.7,27.1
2025-09-09 07:00:00,26.2,30.8,30.7,35.9,27.1
2025-09-09 07:10:00,26.1,30.6,30.7,35.9,27.1
2025-09-09 07:20:00,26.1,30.8,30.7,35.8,27.1
2025-09-09 07:30:00,26.2,30.6,30.6,35.5,27.0
2025-09-09 07:40:00,26.0,30.6,30.7,35.7,27.0
2025-09-09 07:50:00,26.1,30.7,30.7,35.8,27.0
2025-09-09 08:00:00,26.2,30.8,30.5,35.8,27.0
2025-09-09 08:10:00,26.4,30.6,30.5,35.6,26.9
2025-09-09 08:20:00,26.1,30.8,30.5,35.6,26.9
2025-09-09 08:30:00,26.0,30.6,30.5,35.6,26.9
2025-09-09 08:40:00,25.8,30.6,30.5,35.9,26.8
2025-09-09 08:50:00,25.9,30.6,30.5,35.7,26.8
2025-09-09 09:00:00,25.9,30.3,30.8,35.7,26.8
2025-09-09 09:10:00,26.0,29.8,30.8,35.4,26.6
2025-09-09 09:20:00,26.1,29.7,31.1,35.6,26.7
2025-09-09 09:30:00,26.4,30.0,31.1,35.8,26.8
2025-09-09 09:40:00,26.8,30.1,31.6,36.3,27.0
2025-09-09 09:50:00,26.2,30.2,31.4,35.9,27.0
2025-09-09 10:00:00,26.2,30.1,31.3,36.0,27.0
2025-09-09 10:10:00,26.1,30.2,31.6,36.3,27.1
2025-09-09 10:20:00,26.3,30.3,31.6,36.2,27.1
2025-09-09 10:30:00,26.0,30.3,31.5,36.1,27.1
2025-09-09 10:40:00,26.2,30.3,31.5,36.2,27.2
2025-09-09 10:50:00,26.2,30.3,31.6,36.4,27.2
2025-09-09 11:00:00,26.2,30.6,31.2,36.0,27.2
2025-09-09 11:10:00,26.3,29.3,30.6,34.2,27.0
2025-09-09 11:20:00,26.3,30.1,31.3,35.6,27.0
2025-09-09 11:30:00,26.4,30.1,31.6,36.2,27.1
2025-09-09 11:40:00,26.4,30.5,31.5,36.1,27.0
2025-09-09 11:50:00,26.3,30.4,31.7,36.3,27.0
2025-09-09 12:00:00,26.4,30.4,31.6,35.9,27.1
2025-09-09 12:10:00,26.4,30.8,31.0,35.8,26.9
2025-09-09 12:20:00,26.8,31.0,31.4,36.3,27.2
2025-09-09 12:30:00,26.3,30.6,32.0,36.5,27.2
2025-09-09 12:40:00,26.2,30.5,32.0,36.5,27.2
2025-09-09 12:50:00,26.2,30.5,32.0,36.4,27.3
2025-09-09 13:00:00,26.7,30.9,32.1,36.7,27.4
2025-09-09 13:10:00,26.5,30.8,31.8,37.1,27.5
2025-09-09 13:20:00,26.4,31.0,32.4,36.9,27.5
2025-09-09 13:30:00,26.7,31.2,32.4,37.1,27.7
2025-09-09 13:40:00,26.7,31.3,32.5,37.0,27.7
2025-09-09 13:50:00,26.7,31.2,32.5,37.3,27.8
2025-09-09 14:00:00,26.8,31.4,32.8,37.4,27.9
2025-09-09 14:10:00,26.9,31.5,32.8,37.6,27.9
2025-09-09 14:20:00,26.9,31.6,32.8,37.5,28.0
2025-09-09 14:30:00,27.1,31.7,32.8,37.8,28.0
2025-09-09 14:40:00,27.0,31.6,32.3,37.0,28.1
2025-09-09 14:50:00,27.2,31.4,31.7,36.3,28.1
2025-09-09 15:00:00,27.1,31.6,31.5,36.6,27.7
2025-09-09 15:10:00,27.0,31.1,31.5,36.6,27.6
2025-09-09 15:20:00,27.0,31.4,31.8,36.2,27.6
2025-09-09 15:30:00,27.1,31.1,31.7,36.1,27.9
2025-09-09 15:40:00,27.2,31.2,31.9,36.3,27.9
2025-09-09 15:50:00,27.1,31.2,31.8,36.2,27.9
2025-09-09 16:00:00,27.4,31.3,31.7,36.2,27.8
2025-09-09 16:10:00,27.1,31.5,31.7,36.2,27.9
2025-09-09 16:20:00,27.1,31.5,32.0,36.5,27.8
2025-09-09 16:30:00,26.9,31.3,32.0,36.5,27.8
2025-09-09 16:40:00,27.1,31.1,31.9,36.4,27.6
2025-09-09 16:50:00,26.9,31.4,31.8,36.4,27.7
2025-09-09 17:00:00,26.9,31.2,32.1,36.5,27.7
2025-09-09 17:10:00,27.1,31.1,32.0,36.1,27.9
2025-09-09 17:20:00,26.9,31.0,32.3,36.3,28.0
2025-09-09 17:30:00,27.2,31.1,32.3,36.3,28.0
2025-09-09 17:40:00,27.1,31.0,32.4,36.6,27.9
2025-09-09 17:50:00,27.0,30.8,32.6,36.7,27.7
2025-09-09 18:00:00,27.0,31.0,32.5,36.9,27.7
2025-09-09 18:10:00,26.9,30.8,32.3,37.0,27.6
2025-09-09 18:20:00,26.9,30.9,32.5,37.0,27.6
2025-09-09 18:30:00,26.6,30.9,32.5,36.8,27.6
2025-09-09 18:40:00,26.9,31.0,32.3,37.2,27.6
2025-09-09 18:50:00,26.6,30.9,32.1,37.0,27.5
2025-09-09 19:00:00,26.7,30.8,32.2,36.6,27.5
2025-09-09 19:10:00,26.6,30.8,32.1,37.0,27.5
2025-09-09 19:20:00,26.5,30.6,32.1,36.6,27.4
2025-09-09 19:30:00,26.7,30.9,31.9,36.8,27.5
2025-09-09 19:40:00,26.6,30.7,32.0,36.6,27.3
2025-09-09 19:50:00,26.6,30.8,32.0,36.6,27.2
2025-09-09 20:00:00,26.6,30.6,31.9,36.7,27.3
2025-09-09 20:10:00,26.3,30.5,31.9,36.3,27.2
2025-09-09 20:20:00,26.6,30.6,31.6,36.8,27.1
2025-09-09 20:30:00,26.3,30.4,31.6,36.4,27.1
2025-09-09 20:40:00,26.5,30.7,31.7,36.3,27.1
2025-09-09 20:50:00,26.4,30.6,31.6,36.3,27.0
2025-09-09 21:00:00,26.3,30.5,31.6,36.2,27.0
2025-09-09 21:10:00,26.2,30.5,31.5,36.2,27.0
2025-09-09 21:20:00,26.2,30.6,31.4,36.1,26.9
2025-09-09 21:30:00,26.3,30.3,31.4,36.0,27.0
2025-09-09 21:40:00,26.2,30.3,31.3,36.2,26.9
2025-09-09 21:50:00,26.0,30.5,31.1,36.1,26.8
2025-09-09 22:00:00,26.2,30.3,30.9,35.9,26.8
2025-09-09 22:10:00,26.0,30.7,30.7,35.8,26.8
2025-09-09 22:20:00,26.2,30.7,30.9,35.9,26.8
2025-09-09 22:30:00,26.0,30.2,30.9,35.7,26.7
2025-09-09 22:40:00,26.1,30.3,30.9,35.8,26.7
2025-09-09 22:50:00,26.1,30.2,30.8,35.5,26.7
2025-09-09 23:00:00,26.0,30.5,30.7,35.8,26.6
2025-09-09 23:10:00,25.8,30.3,30.7,35.8,26.6
2025-09-09 23:20:00,26.0,30.3,30.6,35.7,26.6
2025-09-09 23:30:00,25.9,30.1,30.6,35.7,26.5
2025-09-09 23:40:00,26.0,30.2,30.7,35.8,26.5
2025-09-09 23:50:00,26.0,30.0,30.7,35.7,26.6
2025-09-10 00:00:00,25.8,30.2,30.6,35.4,26.5
2025-09-10 00:10:00,25.8,30.5,30.7,35.6,26.5
2025-09-10 00:20:00,25.7,30.0,30.6,35.6,26.4
2025-09-10 00:30:00,25.9,30.3,30.7,35.6,26.5
2025-09-10 00:40:00,25.7,30.0,30.7,35.5,26.4
2025-09-10 00:50:00,25.8,30.0,30.6,35.6,26.3
2025-09-10 01:00:00,25.6,30.2,30.4,35.4,26.3
2025-09-10 01:10:00,25.7,29.8,30.4,35.0,26.4
2025-09-10 01:20:00,25.6,30.0,30.5,35.3,26.2
2025-09-10 01:30:00,25.5,30.2,30.5,35.5,26.2
2025-09-10 01:40:00,25.6,30.1,30.4,35.2,26.3
2025-09-10 01:50:00,25.6,30.1,30.4,35.4,26.2
2025-09-10 02:00:00,25.7,30.0,30.4,35.4,26.2
2025-09-10 02:10:00,25.4,30.1,30.4,35.5,26.2
2025-09-10 02:20:00,25.6,30.0,30.4,35.3,26.1
2025-09-10 02:30:00,25.4,29.9,30.3,35.3,26.0
2025-09-10 02:40:00,25.4,30.1,30.2,35.2,26.0
2025-09-10 02:50:00,25.3,30.0,30.2,35.1,26.0
2025-09-10 03:00:00,25.3,29.9,30.1,34.9,26.0
2025-09-10 03:10:00,25.3,29.8,30.1,35.2,25.9
2025-09-10 03:20:00,25.3,29.9,30.1,35.0,26.0
2025-09-10 03:30:00,25.2,29.9,30.0,35.0,25.9
2025-09-10 03:40:00,25.2,29.7,30.0,34.8,25.9
2025-09-10 03:50:00,25.1,29.6,29.9,35.1,25.8
2025-09-10 04:00:00,25.0,29.7,29.9,34.8,25.8
2025-09-10 04:10:00,25.2,29.6,29.8,34.8,25.7
2025-09-10 04:20:00,25.4,29.7,29.8,34.9,25.8
2025-09-10 04:30:00,25.0,29.8,29.7,34.7,25.7
2025-09-10 04:40:00,25.2,29.6,29.8,34.6,25.6
2025-09-10 04:50:00,25.1,29.6,29.7,34.8,25.7
2025-09-10 05:00:00,25.0,29.3,29.7,34.7,25.7
2025-09-10 05:10:00,25.0,29.4,29.7,34.7,25.6
2025-09-10 05:20:00,25.0,29.5,29.7,34.5,25.6
2025-09-10 05:30:00,24.9,29.4,29.6,34.7,25.5
2025-09-10 05:40:00,24.8,29.3,29.5,34.7,25.5
2025-09-10 05:50:00,25.0,30.8,29.5,34.4,25.5
2025-09-10 06:00:00,24.7,29.3,29.5,34.6,25.5
2025-09-10 06:10:00,24.9,29.2,29.5,34.3,25.4
2025-09-10 06:20:00,24.6,29.3,29.5,34.4,25.4
2025-09-10 06:30:00,24.9,29.3,29.4,34.4,25.4
2025-09-10 06:40:00,24.7,29.5,29.5,34.5,25.3
2025-09-10 06:50:00,24.6,29.5,29.5,34.5,25.3
2025-09-10 07:00:00,24.8,29.2,29.3,34.4,25.3
2025-09-10 07:10:00,24.6,29.2,29.4,34.5,25.3
2025-09-10 07:20:00,24.6,29.2,29.3,34.5,25.2
2025-09-10 07:30:00,24.6,29.1,29.3,34.2,25.3
2025-09-10 07:40:00,24.6,29.4,29.4,34.5,25.3
2025-09-10 07:50:00,24.5,29.1,29.3,34.3,25.2
2025-09-10 08:00:00,24.6,29.1,29.3,34.2,25.2
2025-09-10 08:10:00,24.4,29.1,29.4,34.3,25.2
2025-09-10 08:20:00,24.7,28.9,29.5,34.2,25.1
2025-09-10 08:30:00,24.7,29.2,29.4,34.7,25.1
2025-09-10 08:40:00,24.4,28.9,29.4,34.1,25.1
2025-09-10 08:50:00,24.5,29.0,29.4,34.4,25.1
2025-09-10 09:00:00,24.6,29.2,29.7,34.3,25.2
2025-09-10 09:10:00,24.8,29.5,30.0,34.9,25.5
2025-09-10 09:20:00,24.5,30.7,29.8,35.0,25.4
2025-09-10 09:30:00,24.8,29.4,29.9,34.6,25.6
2025-09-10 09:40:00,24.8,29.5,30.4,35.1,25.7
2025-09-10 09:50:00,24.9,29.6,30.5,35.1,25.8
2025-09-10 10:00:00,25.0,29.7,30.8,35.6,25.9
2025-09-10 10:10:00,25.1,30.0,31.1,35.5,26.1
2025-09-10 10:20:00,25.3,30.1,31.2,35.3,26.2
2025-09-10 10:30:00,25.3,30.2,31.3,36.0,26.4
2025-09-10 10:40:00,25.4,30.1,31.2,35.7,26.4
2025-09-10 10:50:00,25.6,30.1,31.0,35.5,26.3
2025-09-10 11:00:00,25.6,30.2,31.3,35.9,26.4
2025-09-10 11:10:00,25.8,30.4,31.4,35.8,26.6
2025-09-10 11:20:00,25.8,30.6,31.5,36.5,26.7
2025-09-10 11:30:00,25.8,30.7,31.6,36.7,26.9
2025-09-10 11:40:00,26.0,30.8,31.5,36.8,27.0
2025-09-10 11:50:00,26.0,30.8,31.8,36.6,27.1
2025-09-10 12:00:00,26.2,30.9,31.8,36.3,27.0
2025-09-10 12:10:00,26.1,31.0,31.9,37.0,27.2
2025-09-10 12:20:00,26.3,31.2,32.0,36.3,27.3
2025-09-10 12:30:00,26.4,31.2,32.1,37.0,27.4
2025-09-10 12:40:00,26.5,31.4,32.2,37.3,27.7
2025-09-10 12:50:00,26.7,31.6,32.4,37.5,27.7
2025-09-10 13:00:00,26.8,31.7,32.4,37.1,27.9
2025-09-10 13:10:00,26.8,31.8,32.8,37.2,28.0
2025-09-10 13:20:00,26.9,31.8,32.8,37.4,28.1
2025-09-10 13:30:00,27.1,31.5,32.8,37.1,28.1
2025-09-10 13:40:00,27.0,31.2,32.7,36.6,28.0
2025-09-10 13:50:00,26.8,31.4,32.7,36.8,27.9
2025-09-10 14:00:00,27.4,31.6,32.8,37.3,28.0
2025-09-10 14:10:00,27.2,31.4,32.7,37.3,27.9
2025-09-10 14:20:00,27.1,31.3,32.5,37.0,27.8
2025-09-10 14:30:00,26.9,31.2,32.6,36.7,27.7
2025-09-10 14:40:00,26.9,31.2,32.4,36.7,27.6
2025-09-10 14:50:00,26.8,31.1,32.5,36.8,27.5
2025-09-10 15:00:00,26.9,31.0,32.5,36.5,27.6
2025-09-10 15:10:00,26.7,30.9,32.3,36.6,27.5
2025-09-10 15:20:00,26.5,30.8,32.3,36.6,27.4
2025-09-10 15:30:00,26.6,30.8,32.3,36.4,27.4
2025-09-10 15:40:00,26.5,30.8,32.3,36.4,27.5
2025-09-10 15:50:00,26.5,31.0,32.3,36.8,27.5
2025-09-10 16:00:00,26.5,30.9,32.2,36.6,27.5
2025-09-10 16:10:00,26.7,30.9,32.2,36.6,27.4
2025-09-10 16:20:00,26.4,31.0,31.9,36.5,27.3
2025-09-10 16:30:00,26.6,30.8,32.2,36.6,27.3
2025-09-10 16:40:00,26.6,30.9,32.1,36.4,27.3
2025-09-10 16:50:00,26.5,30.8,32.1,36.6,27.2
2025-09-10 17:00:00,26.4,30.7,32.1,36.3,27.3
2025-09-10 17:10:00,26.3,30.7,32.0,36.3,27.2
2025-09-10 17:20:00,26.3,30.7,32.1,36.5,27.2
2025-09-10 17:30:00,26.4,30.6,32.2,36.4,27.2
2025-09-10 17:40:00,26.2,30.6,32.0,36.4,27.2
2025-09-10 17:50:00,26.4,31.9,31.9,36.7,27.2
2025-09-10 18:00:00,26.3,30.6,31.9,36.7,27.1
2025-09-10 18:10:00,26.2,30.6,32.0,36.7,27.1
2025-09-10 18:20:00,26.4,30.6,31.9,36.6,27.2
2025-09-10 18:30:00,26.9,30.6,32.1,36.6,27.1
2025-09-10 18:40:00,26.2,30.5,31.9,36.5,27.1
2025-09-10 18:50:00,26.4,30.6,31.8,36.6,27.1
2025-09-10 19:00:00,26.2,30.4,31.7,36.4,27.0
2025-09-10 19:10:00,26.3,30.5,31.6,36.0,26.9
2025-09-10 19:20:00,26.2,30.6,31.3,36.3,26.9
2025-09-10 19:30:00,26.2,30.3,31.5,36.5,26.9
2025-09-10 19:40:00,26.2,30.2,31.4,36.4,26.8
2025-09-10 19:50:00,26.2,30.4,31.3,35.8,26.7
2025-09-10 20:00:00,25.9,30.2,31.2,36.3,26.8
2025-09-10 20:10:00,26.0,30.4,31.2,36.3,26.7
2025-09-10 20:20:00,26.1,30.5,31.3,36.1,26.8
2025-09-10 20:30:00,25.9,30.1,31.2,36.0,26.7
2025-09-10 20:40:00,26.1,30.3,31.1,36.0,26.7
2025-09-10 20:50:00,25.9,30.3,31.1,36.2,26.7
2025-09-10 21:00:00,25.8,30.0,31.3,36.1,26.5
2025-09-10 21:10:00,26.2,30.1,31.1,36.0,26.6
2025-09-10 21:20:00,25.8,30.1,31.2,36.2,26.7
2025-09-10 21:30:00,25.7,30.2,31.2,35.9,26.6
2025-09-10 21:40:00,26.4,30.1,31.1,35.9,26.5
2025-09-10 21:50:00,25.9,30.1,31.1,36.1,26.5
2025-09-10 22:00:00,25.7,30.0,31.1,35.8,26.5
2025-09-10 22:10:00,25.9,30.0,31.1,36.0,26.5
2025-09-10 22:20:00,25.7,29.9,31.0,35.9,26.5
2025-09-10 22:30:00,25.5,30.0,31.2,35.7,26.5
2025-09-10 22:40:00,25.9,29.9,31.1,35.8,26.3
2025-09-10 22:50:00,25.6,29.8,30.9,35.7,26.3
2025-09-10 23:00:00,25.7,29.9,31.0,35.8,26.3
2025-09-10 23:10:00,25.7,30.0,31.0,35.8,26.4
2025-09-10 23:20:00,25.6,30.0,30.9,35.8,26.3
2025-09-10 23:30:00,25.4,29.8,31.0,35.9,26.2
2025-09-10 23:40:00,25.6,29.8,30.8,35.6,26.3
2025-09-10 23:50:00,25.4,29.7,30.9,35.7,26.3
2025-09-11 00:00:00,25.5,30.0,30.8,35.6,26.2
2025-09-11 00:10:00,25.5,29.7,30.8,35.7,26.1
2025-09-11 00:20:00,25.6,29.9,30.8,35.6,26.2
2025-09-11 00:30:00,25.4,29.7,30.6,35.6,26.2
2025-09-11 00:40:00,25.5,29.7,30.7,35.3,26.1
2025-09-11 00:50:00,25.5,29.7,30.7,35.7,26.1
2025-09-11 01:00:00,25.2,29.8,30.6,35.2,26.0
2025-09-11 01:10:00,25.5,29.7,30.6,35.4,26.1
2025-09-11 01:20:00,,29.8,30.4,35.3,26.1
2025-09-11 01:30:00,25.2,29.5,30.5,35.2,26.0
2025-09-11 01:40:00,25.4,29.8,30.3,35.4,26.0
2025-09-11 01:50:00,25.2,29.9,30.2,35.2,25.9
2025-09-11 02:00:00,25.2,29.6,30.1,35.0,25.9
2025-09-11 02:10:00,25.3,29.9,30.2,34.9,25.9
2025-09-11 02:20:00,,29.8,30.1,35.0,26.0
2025-09-11 02:30:00,25.2,29.7,30.0,35.0,25.9
2025-09-11 02:40:00,25.4,29.8,30.0,34.8,25.9
2025-09-11 02:50:00,25.3,29.7,30.0,35.1,25.9
2025-09-11 03:00:00,25.1,29.8,30.0,35.0,25.8
2025-09-11 03:10:00,25.0,29.7,30.0,35.1,25.8
2025-09-11 03:20:00,25.2,29.7,29.9,35.0,25.8
2025-09-11 03:30:00,25.2,29.6,29.9,34.9,25.8
2025-09-11 03:40:00,24.9,29.6,29.8,35.0,25.7
2025-09-11 03:50:00,25.1,29.6,29.9,34.7,25.7
2025-09-11 04:00:00,25.0,29.6,29.8,34.8,25.7
2025-09-11 04:10:00,25.1,29.6,29.7,34.8,25.7
2025-09-11 04:20:00,25.2,29.6,29.7,34.5,25.7
2025-09-11 04:30:00,25.0,29.6,29.8,34.8,25.6
2025-09-11 04:40:00,24.9,29.5,29.7,34.8,25.6
2025-09-11 04:50:00,25.0,29.6,29.7,34.3,25.5
2025-09-11 05:00:00,24.8,29.5,29.8,34.9,25.6
2025-09-11 05:10:00,24.9,29.5,29.7,34.7,25.5
2025-09-11 05:20:00,24.8,29.4,29.7,34.6,25.5
2025-09-11 05:30:00,24.9,29.4,29.8,34.6,25.5
2025-09-11 05:40:00,24.8,29.3,29.6,34.6,25.5
2025-09-11 05:50:00,24.8,29.3,29.5,34.7,25.5
2025-09-11 06:00:00,24.8,29.3,29.6,34.4,25.5
2025-09-11 06:10:00,25.0,29.5,29.6,34.3,25.4
2025-09-11 06:20:00,24.8,29.4,29.5,34.5,25.3
2025-09-11 06:30:00,24.6,29.3,29.6,34.5,25.3
2025-09-11 06:40:00,24.8,29.4,29.7,34.5,25.3
2025-09-11 06:50:00,24.7,29.3,29.5,34.4,25.2
2025-09-11 07:00:00,24.6,29.1,29.6,34.6,25.3
2025-09-11 07:10:00,24.5,29.2,29.5,34.3,25.2
2025-09-11 07:20:00,24.6,29.2,29.5,34.4,25.2
2025-09-11 07:30:00,24.7,29.1,29.5,34.5,25.2
2025-09-11 07:40:00,24.6,29.0,29.5,34.4,25.2
2025-09-11 07:50:00,24.4,29.0,29.4,34.5,25.2
2025-09-11 08:00:00,24.6,29.0,29.3,34.2,25.2
2025-09-11 08:10:00,24.3,29.2,29.3,34.3,25.1
2025-09-11 08:20:00,24.4,28.8,29.3,34.5,25.1
2025-09-11 08:30:00,24.6,29.0,29.4,34.4,25.2
2025-09-11 08:40:00,24.7,28.8,29.2,34.1,25.0
2025-09-11 08:50:00,24.3,28.9,29.3,34.1,25.1
2025-09-11 09:00:00,24.3,28.8,29.2,34.2,25.0
2025-09-11 09:10:00,24.7,28.7,29.0,34.0,25.0
2025-09-11 09:20:00,24.2,28.9,29.0,33.7,25.0
2025-09-11 09:30:00,24.6,29.0,29.1,34.0,25.1
2025-09-11 09:40:00,24.1,28.7,29.1,34.2,25.1
2025-09-11 09:50:00,24.5,28.7,29.7,34.4,25.1
2025-09-11 10:00:00,24.4,29.0,30.1,35.0,25.2
2025-09-11 10:10:00,24.4,28.8,29.9,35.0,25.2
2025-09-11 10:20:00,24.2,28.9,29.8,34.8,25.2
2025-09-11 10:30:00,,29.0,29.9,34.9,25.2
2025-09-11 10:40:00,24.5,29.9,30.1,34.5,25.2
2025-09-11 10:50:00,24.7,29.1,30.1,34.9,25.4
2025-09-11 11:00:00,24.8,29.1,30.3,35.1,25.5
2025-09-11 11:10:00,24.7,29.2,30.3,35.1,25.4
2025-09-11 11:20:00,24.8,29.0,30.2,35.3,25.4
2025-09-11 11:30:00,24.8,29.2,30.3,35.0,25.5
2025-09-11 11:40:00,24.7,29.4,30.4,35.3,25.7
2025-09-11 11:50:00,24.8,29.5,30.5,35.1,25.7
2025-09-11 12:00:00,24.8,29.5,30.8,35.1,25.8
2025-09-11 12:10:00,24.8,29.5,30.7,35.3,25.7
2025-09-11 12:20:00,24.9,29.4,30.7,35.4,25.8
2025-09-11 12:30:00,24.9,29.4,30.6,35.3,25.7
2025-09-11 12:40:00,24.7,29.4,30.4,35.4,25.8
2025-09-11 12:50:00,25.0,29.4,30.5,35.4,25.8
2025-09-11 13:00:00,24.9,29.6,30.6,35.4,25.9
2025-09-11 13:10:00,25,29.4,30.6,35.2,25.8
2025-09-11 13:20:00,25.1,29.5,30.5,35.4,25.9
2025-09-11 13:30:00,25.0,29.4,30.6,35.3,25.8
2025-09-11 13:40:00,25.3,29.5,30.7,35.5,25.8
2025-09-11 13:50:00,25.0,29.3,30.7,35.4,25.9
2025-09-11 14:00:00,25.0,29.6,30.7,35.4,25.7
2025-09-11 14:10:00,25.1,29.6,30.9,35.3,25.9
2025-09-11 14:20:00,25.0,29.6,30.8,35.4,25.9
2025-09-11 14:30:00,25.0,29.6,30.8,35.3,26.0
2025-09-11 14:40:00,25.3,29.7,30.8,35.6,26.0
2025-09-11 14:50:00,25.4,29.6,31.0,35.6,26.1
2025-09-11 15:00:00,25.1,29.7,30.9,35.3,26.1
2025-09-11 15:10:00,25.2,29.7,30.9,35.6,26.1
2025-09-11 15:20:00,25.3,29.6,30.9,35.4,26.1
2025-09-11 15:30:00,25.2,29.6,30.9,35.4,25.9
2025-09-11 15:40:00,25.3,29.5,30.7,35.5,26.0
2025-09-11 15:50:00,25.1,29.5,30.7,35.5,26.0
2025-09-11 16:00:00,25.4,29.5,30.6,35.3,25.9
2025-09-11 16:10:00,24.9,29.5,30.8,35.5,25.9
2025-09-11 16:20:00,25.2,29.6,30.9,35.5,26.0
2025-09-11 16:30:00,25.0,29.4,30.8,35.3,26.0
2025-09-11 16:40:00,25.1,29.5,30.8,35.5,26.1
2025-09-11 16:50:00,25.2,29.6,30.7,35.4,25.9
2025-09-11 17:00:00,25.1,29.6,30.7,35.5,26.0
2025-09-11 17:10:00,25.2,29.5,30.6,35.5,25.9
2025-09-11 17:20:00,25.0,29.6,30.6,35.5,26.0
2025-09-11 17:30:00,25.0,29.5,30.6,35.4,25.8
2025-09-11 17:40:00,25.1,29.6,30.5,35.4,25.9
2025-09-11 17:50:00,25.1,29.5,30.4,35.1,26.0
2025-09-11 18:00:00,,29.4,30.5,35.0,25.9
2025-09-11 18:10:00,25.0,29.5,30.4,35.1,25.9
2025-09-11 18:20:00,25.0,29.4,30.4,35.0,25.8
2025-09-11 18:30:00,24.8,29.4,30.4,35.3,25.7
2025-09-11 18:40:00,25.0,29.2,30.5,34.9,25.7
2025-09-11 18:50:00,24.8,29.3,30.4,35.3,25.6
2025-09-11 19:00:00,25.0,29.3,30.4,35.3,25.6
2025-09-11 19:10:00,25.0,29.2,30.4,35.0,25.7
2025-09-11 19:20:00,24.8,29.2,30.2,35.0,25.5
2025-09-11 19:30:00,24.9,29.2,30.1,35.0,25.5
2025-09-11 19:40:00,24.8,29.2,30.0,34.9,25.5
2025-09-11 19:50:00,24.8,29.2,29.9,34.8,25.4
2025-09-11 20:00:00,24.7,29.4,29.8,34.7,25.4
2025-09-11 20:10:00,24.8,29.2,29.7,34.6,25.4
2025-09-11 20:20:00,24.6,29.2,29.9,34.4,25.3
2025-09-11 20:30:00,24.7,29.2,29.9,34.5,25.3
2025-09-11 20:40:00,24.4,28.9,29.7,34.5,25.3
2025-09-11 20:50:00,24.7,29.1,29.6,34.4,25.3
2025-09-11 21:00:00,24.5,29.1,29.7,34.3,25.2
2025-09-11 21:10:00,24.5,28.9,29.8,34.2,25.3
2025-09-11 21:20:00,24.8,28.9,29.6,34.1,25.1
2025-09-11 21:30:00,24.4,28.7,29.6,34.0,25.2
2025-09-11 21:40:00,24.5,28.9,29.5,34.1,25.2
2025-09-11 21:50:00,24.4,28.5,29.6,34.0,25.1
2025-09-11 22:00:00,24.5,28.9,29.5,34.1,25.0
2025-09-11 22:10:00,24.2,28.7,29.6,34.0,25.0
2025-09-11 22:20:00,24.4,28.8,29.3,34.0,25.0
2025-09-11 22:30:00,24.2,28.8,29.4,34.0,24.9
2025-09-11 22:40:00,24.4,28.7,29.4,33.8,24.9
2025-09-11 22:50:00,24.2,28.8,29.4,34.0,24.9
2025-09-11 23:00:00,24.4,28.5,29.4,34.1,24.9
2025-09-11 23:10:00,24,28.5,29.4,34.1,24.9
2025-09-11 23:20:00,24.2,28.6,29.3,34.0,24.8
2025-09-11 23:30:00,24.1,28.5,29.3,34.0,24.8
2025-09-11 23:40:00,24.2,28.3,29.3,34.0,24.6
2025-09-11 23:50:00,24.6,28.4,29.3,33.9,24.7
2025-09-12 00:00:00,24.0,28.5,29.2,33.9,24.7
2025-09-12 00:10:00,24.1,28.3,29.1,33.8,24.7
2025-09-12 00:20:00,24.1,28.3,29.1,33.9,24.6
2025-09-12 00:30:00,24.0,28.3,29.2,33.9,24.6
2025-09-12 00:40:00,24.2,28.3,29.1,33.9,24.5
2025-09-12 00:50:00,23.8,28.4,29.0,33.9,24.5
2025-09-12 01:00:00,24.1,28.1,29.1,33.9,24.5
2025-09-12 01:10:00,23.9,28.1,29.0,33.9,24.5
2025-09-12 01:20:00,23.9,28.0,29.0,33.8,24.5
2025-09-12 01:30:00,23.9,28.2,29.0,33.8,24.6
2025-09-12 01:40:00,23.7,27.9,28.9,33.7,24.5
2025-09-12 01:50:00,23.8,28.1,28.8,33.7,24.4
2025-09-12 02:00:00,23.6,28.2,29.0,33.6,24.3
2025-09-12 02:10:00,23.7,28.1,28.9,33.6,24.4
2025-09-12 02:20:00,23.8,27.9,28.8,33.5,24.4
2025-09-12 02:30:00,23.6,28.0,28.8,33.7,24.3
2025-09-12 02:40:00,23.7,28.1,28.8,33.5,24.2
2025-09-12 02:50:00,23.8,28.0,28.7,33.4,24.3
2025-09-12 03:00:00,23.6,27.9,28.8,33.4,24.2
2025-09-12 03:10:00,23.6,28.2,28.6,33.5,24.2
2025-09-12 03:20:00,23.5,28.1,28.6,33.4,24.2
2025-09-12 03:30:00,23.5,27.8,28.6,33.5,24.2
2025-09-12 03:40:00,23.5,27.8,28.6,33.4,24.1
2025-09-12 03:50:00,23.7,27.8,28.5,33.3,24.2
2025-09-12 04:00:00,23.5,27.7,28.5,33.3,24.1
2025-09-12 04:10:00,23.8,27.8,28.5,33.1,24.1
2025-09-12 04:20:00,23.4,27.8,28.5,33.3,24.1
2025-09-12 04:30:00,23.4,27.8,28.6,33.3,24.0
2025-09-12 04:40:00,23.4,27.8,28.5,33.2,24.1
2025-09-12 04:50:00,23.3,27.7,28.5,33.1,24.0
2025-09-12 05:00:00,,27.8,28.4,33.1,24.0
2025-09-12 05:10:00,23.5,27.9,28.5,33.3,24.0
2025-09-12 05:20:00,23.4,27.6,28.5,33.2,24.0
2025-09-12 05:30:00,23.3,27.6,28.3,33.0,23.9
2025-09-12 05:40:00,23.4,27.7,28.4,33.0,23.9
2025-09-12 05:50:00,23.2,27.4,28.3,33.0,23.9
2025-09-12 06:00:00,23.1,27.6,28.3,33.1,23.9
2025-09-12 06:10:00,23.2,28.0,28.2,33.0,23.8
2025-09-12 06:20:00,23.3,27.6,28.2,33.1,24.0
2025-09-12 06:30:00,23.2,27.6,28.2,33.0,23.8
2025-09-12 06:40:00,23.1,27.4,28.2,33.0,23.9
2025-09-12 06:50:00,23.5,27.7,28.1,33.0,23.8
2025-09-12 07:00:00,23.4,27.6,28.0,32.9,23.8
2025-09-12 07:10:00,23.0,27.6,28.0,32.9,23.8
2025-09-12 07:20:00,23.3,27.5,28.1,32.9,23.8
2025-09-12 07:30:00,23.2,27.3,28.1,32.8,23.7
2025-09-12 07:40:00,23.0,27.5,28.2,32.9,23.7
2025-09-12 07:50:00,22.9,27.5,28.1,32.9,23.7
2025-09-12 08:00:00,23.2,27.3,28.3,33.1,23.7
2025-09-12 08:10:00,22.9,27.3,28.2,32.9,23.7
2025-09-12 08:20:00,23.2,27.6,28.4,33.2,23.8
2025-09-12 08:30:00,23.3,27.9,28.4,33.2,24.0
2025-09-12 08:40:00,23.2,27.9,28.5,33.3,24.1
2025-09-12 08:50:00,23.3,27.9,28.7,33.4,24.2
2025-09-12 09:00:00,23.4,28.1,29.1,33.6,24.3
2025-09-12 09:10:00,23.4,28.1,29.1,33.7,24.4
2025-09-12 09:20:00,23.5,28.1,28.5,33.4,24.4
2025-09-12 09:30:00,23.8,27.9,28.4,33.0,24.3
2025-09-12 09:40:00,23.7,28.2,28.6,33.1,24.3
2025-09-12 09:50:00,23.8,28.6,28.3,33.1,24.5
2025-09-12 10:00:00,24.0,28.2,28.5,33.2,24.8
2025-09-12 10:10:00,23.9,28.6,28.6,33.4,24.9
2025-09-12 10:20:00,24.0,28.7,28.8,33.6,25.1
2025-09-12 10:30:00,24.3,28.8,28.8,33.6,25.1
2025-09-12 10:40:00,24.2,29.1,28.9,33.8,25.1
2025-09-12 10:50:00,24.2,29.1,29.6,34.4,25.0
2025-09-12 11:00:00,24.3,29.2,29.6,34.3,25.1
2025-09-12 11:10:00,24.5,29.2,29.7,34.1,25.3
2025-09-12 11:20:00,24.6,29.4,29.9,34.3,25.5
2025-09-12 11:30:00,24.8,29.4,29.8,34.3,25.6
2025-09-12 11:40:00,24.9,29.5,30.2,34.4,25.7
2025-09-12 11:50:00,25.0,29.5,30.2,34.5,25.7
2025-09-12 12:00:00,24.9,29.8,29.7,34.3,25.8
2025-09-12 12:10:00,25.3,29.9,31.0,35.4,26.2
2025-09-12 12:20:00,25.4,30.7,32.0,36.3,26.7
2025-09-12 12:30:00,25.5,30.8,31.7,36.2,26.9
2025-09-12 12:40:00,25.6,30.7,31.5,36.1,26.9
2025-09-12 12:50:00,25.7,30.7,31.6,36.2,26.9
2025-09-12 13:00:00,25.6,30.4,31.1,35.8,26.7
2025-09-12 13:10:00,25.4,30.3,31.4,35.8,26.7
2025-09-12 13:20:00,25.6,30.3,31.2,35.8,26.7
2025-09-12 13:30:00,25.9,30.2,31.3,35.8,26.7
2025-09-12 13:40:00,25.8,30,31.3,35.4,26.5
2025-09-12 13:50:00,25.5,29.9,31.1,35.6,26.4
2025-09-12 14:00:00,25.6,29.6,29.7,34.6,26.2
2025-09-12 14:10:00,25.3,29.4,29.7,34.4,25.9
2025-09-12 14:20:00,25.1,29.3,29.6,34.3,25.7
2025-09-12 14:30:00,25.1,29.3,29.8,34.4,25.8
2025-09-12 14:40:00,25.1,29.2,30.0,34.5,25.8
2025-09-12 14:50:00,25.0,29.4,29.7,34.8,25.7
2025-09-12 15:00:00,25.0,29.3,29.6,34.7,25.6
2025-09-12 15:10:00,24.9,29.3,29.7,34.3,25.6
2025-09-12 15:20:00,25.0,29.4,29.9,34.4,25.7
2025-09-12 15:30:00,25.4,29.6,30.1,34.5,25.9
2025-09-12 15:40:00,25.5,29.5,30.1,34.5,25.9
2025-09-12 15:50:00,25.8,29.5,30.3,34.6,26.0
2025-09-12 16:00:00,24.9,29.6,30.2,34.7,25.9
2025-09-12 16:10:00,25.3,29.4,29.6,34.7,25.7
2025-09-12 16:20:00,25.0,29.6,29.8,34.7,25.6
2025-09-12 16:30:00,25.1,29.6,30.2,34.6,25.9
2025-09-12 16:40:00,25.2,29.4,30.0,34.7,26.0
2025-09-12 16:50:00,25.6,29.4,30.3,34.7,26.0
2025-09-12 17:00:00,25.2,29.6,30.2,34.7,26.0
2025-09-12 17:10:00,25.1,29.7,30.9,35.2,26.1
2025-09-12 17:20:00,25.3,29.5,31.0,35.2,26.1
2025-09-12 17:30:00,25.1,29.6,30.7,35.1,26.0
2025-09-12 17:40:00,25.3,29.5,30.7,35.3,25.9
2025-09-12 17:50:00,25.1,29.4,30.5,35.2,25.8
2025-09-12 18:00:00,25.0,29.4,30.5,35.3,25.8
2025-09-12 18:10:00,25.1,29.4,30.3,35.1,25.7
2025-09-12 18:20:00,24.8,29.6,30.1,35.0,25.7
2025-09-12 18:30:00,24.8,29.2,30.0,34.9,25.6
2025-09-12 18:40:00,24.9,29.5,30.0,35.0,25.6
2025-09-12 18:50:00,24.8,29.3,29.9,35.0,25.6
2025-09-12 19:00:00,24.6,29.4,29.9,35.0,25.6
2025-09-12 19:10:00,24.7,29.3,29.8,35.0,25.5
2025-09-12 19:20:00,24.6,29.1,29.9,34.8,25.5
2025-09-12 19:30:00,24.7,29.5,29.9,34.9,25.4
2025-09-12 19:40:00,24.5,28.9,29.9,34.8,25.4
2025-09-12 19:50:00,24.6,29.0,29.8,34.8,25.3
2025-09-12 20:00:00,24.3,28.9,29.9,34.7,25.2
2025-09-12 20:10:00,24.6,29.0,29.8,34.8,25.2
2025-09-12 20:20:00,24.5,28.9,29.8,34.8,25.2
2025-09-12 20:30:00,24.4,29.0,29.8,34.7,25.1
2025-09-12 20:40:00,24.4,28.9,29.6,34.6,25.1
2025-09-12 20:50:00,24.3,28.9,29.3,34.4,25.1
2025-09-12 21:00:00,24.4,29.0,29.2,34.5,25.1
2025-09-12 21:10:00,24.4,29.1,29.2,34.2,25.0
2025-09-12 21:20:00,24.3,29.0,29.1,34.3,24.9
2025-09-12 21:30:00,24.2,28.8,29.1,34.2,25.0
2025-09-12 21:40:00,24.3,28.8,29.1,34.3,25.1
2025-09-12 21:50:00,24.2,28.7,29.0,34.1,24.9
2025-09-12 22:00:00,24.1,28.7,29.0,34.2,24.9
2025-09-12 22:10:00,24.2,28.6,29.0,34.0,24.8
2025-09-12 22:20:00,24.1,28.5,29.0,34.3,24.9
2025-09-12 22:30:00,24.0,28.5,28.9,34.2,24.8
2025-09-12 22:40:00,24.0,28.4,28.9,33.8,24.8
2025-09-12 22:50:00,24.2,28.4,28.9,33.7,24.7
2025-09-12 23:00:00,23.8,28.5,28.9,34.2,24.9
2025-09-12 23:10:00,24.0,28.5,28.8,34.0,24.7
2025-09-12 23:20:00,24.2,28.4,28.9,33.9,24.8
2025-09-12 23:30:00,24.0,28.5,28.9,34.1,24.8
2025-09-12 23:40:00,23.8,28.4,28.8,33.9,24.6
2025-09-12 23:50:00,23.9,28.5,28.8,33.8,24.7
2025-09-13 00:00:00,24.0,28.3,28.8,33.8,24.7
2025-09-13 00:10:00,23.9,28.3,28.7,33.9,24.7
2025-09-13 00:20:00,23.8,28.4,28.8,33.6,24.7
2025-09-13 00:30:00,24.2,28.4,28.7,33.9,24.6
2025-09-13 00:40:00,23.9,28.5,28.8,34.0,24.7
2025-09-13 00:50:00,24.0,28.5,28.8,34.0,24.7
2025-09-13 01:00:00,23.9,28.3,28.6,33.8,24.6
2025-09-13 01:10:00,23.8,28.4,28.6,33.8,24.4
2025-09-13 01:20:00,23.8,28.3,28.7,33.8,24.5
2025-09-13 01:30:00,23.7,28.3,28.6,33.7,24.5
2025-09-13 01:40:00,23.9,28.4,28.6,33.8,24.4
2025-09-13 01:50:00,23.6,28.4,28.5,33.7,24.4
2025-09-13 02:00:00,23.7,28.4,28.4,33.7,24.6
2025-09-13 02:10:00,23.5,28.3,28.5,33.4,24.3
2025-09-13 02:20:00,23.8,28.3,28.5,33.7,24.4
2025-09-13 02:30:00,23.7,28.3,28.5,33.6,24.3
2025-09-13 02:40:00,23.6,28.4,28.4,33.5,24.4
2025-09-13 02:50:00,23.6,28.3,28.5,33.3,24.4
2025-09-13 03:00:00,24.0,28.4,28.4,33.5,24.4
2025-09-13 03:10:00,23.6,28.2,28.3,33.1,24.2
2025-09-13 03:20:00,23.6,28.2,28.2,33.4,24.3
2025-09-13 03:30:00,23.5,28.2,28.2,33.3,24.3
2025-09-13 03:40:00,23.4,28.0,28.2,33.2,24.2
2025-09-13 03:50:00,23.6,28.1,28.2,33.3,24.3
2025-09-13 04:00:00,23.4,28.0,28.2,33.2,24.1
2025-09-13 04:10:00,23.4,28.1,28.2,33.1,24.1
2025-09-13 04:20:00,23.3,28.0,28.2,33.1,24.1
2025-09-13 04:30:00,23.7,28.0,28.1,33.2,24.1
2025-09-13 04:40:00,23.3,28.0,28.1,33.3,24.2
2025-09-13 04:50:00,23.3,28.0,28.1,33.0,24.1
2025-09-13 05:00:00,23.7,28.0,28.1,32.9,24.1
2025-09-13 05:10:00,23.4,27.8,28.0,33.2,24.0
2025-09-13 05:20:00,23.3,27.9,27.9,33.1,24.1
2025-09-13 05:30:00,23.6,27.9,28.1,33.0,24.0
2025-09-13 05:40:00,23.2,27.8,28.0,33.0,23.9
2025-09-13 05:50:00,23.3,27.8,27.9,32.8,24.0
2025-09-13 06:00:00,23.3,27.9,27.9,32.7,24.0
2025-09-13 06:10:00,23.1,27.9,28.0,32.8,24.0
2025-09-13 06:20:00,23.1,28.0,27.9,32.9,24.0
2025-09-13 06:30:00,23.2,27.9,27.8,32.7,23.8
2025-09-13 06:40:00,23.5,27.8,27.8,33.0,23.9
2025-09-13 06:50:00,23.2,27.9,27.8,32.8,23.8
2025-09-13 07:00:00,23.1,27.7,27.8,32.8,23.9
2025-09-13 07:10:00,23.0,27.8,27.8,32.8,23.9
2025-09-13 07:20:00,23.2,27.7,27.7,32.7,23.8
2025-09-13 07:30:00,23.3,27.7,27.7,33.1,23.9
2025-09-13 07:40:00,23.2,27.6,27.5,32.8,23.9
2025-09-13 07:50:00,23.2,27.6,27.6,32.5,23.8
2025-09-13 08:00:00,23.3,27.6,27.7,33.0,23.7
2025-09-13 08:10:00,23.0,27.6,27.9,32.9,23.7
2025-09-13 08:20:00,23.2,27.6,28.3,33.2,23.8
2025-09-13 08:30:00,23.3,27.6,28.2,33.1,23.9
2025-09-13 08:40:00,23.5,27.9,28.1,32.9,24.0
2025-09-13 08:50:00,23.2,27.8,28.3,33.2,24.1
2025-09-13 09:00:00,23.4,27.9,28.5,33.4,24.1
2025-09-13 09:10:00,23.3,27.9,28.6,33.6,24.2
2025-09-13 09:20:00,23.3,27.9,28.7,33.7,24.2
2025-09-13 09:30:00,23.5,28.0,29.1,33.6,24.3
2025-09-13 09:40:00,23.6,28.3,29.4,34.1,24.4
2025-09-13 09:50:00,23.5,28.3,29.1,34.0,24.5
2025-09-13 10:00:00,23.6,28.3,29.1,34.0,24.7
2025-09-13 10:10:00,23.5,28.2,29.2,34.1,24.6
2025-09-13 10:20:00,23.5,28.3,29.0,33.8,24.5
2025-09-13 10:30:00,23.8,28.3,29.5,33.9,24.6
2025-09-13 10:40:00,23.8,28.6,29.4,34.3,24.8
2025-09-13 10:50:00,23.9,28.6,29.6,34.2,24.9
2025-09-13 11:00:00,24.0,28.8,29.8,34.6,24.9
2025-09-13 11:10:00,24.1,28.9,30.0,34.9,25.0
2025-09-13 11:20:00,24.2,29.0,30.2,34.9,25.1
2025-09-13 11:30:00,24.3,29.2,30.2,35.1,25.4
2025-09-13 11:40:00,24.4,29.2,30.2,35.0,25.5
2025-09-13 11:50:00,24.2,29.1,30.0,35.0,25.4
2025-09-13 12:00:00,24.6,29.2,30.2,34.9,25.5
2025-09-13 12:10:00,24.6,29.4,30.5,35.4,25.6
2025-09-13 12:20:00,24.7,29.5,30.6,35.4,25.7
2025-09-13 12:30:00,24.7,29.7,30.8,35.4,25.8
2025-09-13 12:40:00,24.8,29.6,30.7,35.7,25.8
2025-09-13 12:50:00,24.9,29.8,30.9,35.5,26.0
2025-09-13 13:00:00,25.1,29.9,31.0,35.2,26.0
2025-09-13 13:10:00,25.2,30.0,31.1,36.1,26.1
2025-09-13 13:20:00,25.2,30.0,31.1,35.9,26.2
2025-09-13 13:30:00,25.3,29.9,31.0,35.4,26.4
2025-09-13 13:40:00,25.3,30.0,31.0,35.6,26.3
2025-09-13 13:50:00,25.6,30.0,31.2,35.9,26.2
2025-09-13 14:00:00,25.5,30.1,31.1,35.9,26.3
2025-09-13 14:10:00,25.4,30.1,31.3,36.3,26.4
2025-09-13 14:20:00,25.3,30.1,31.2,36.2,26.6
2025-09-13 14:30:00,25.6,30.2,31.2,35.7,26.4
2025-09-13 14:40:00,25.7,30.1,31.2,35.6,26.4
2025-09-13 14:50:00,25.5,30.1,31.3,35.8,26.5
2025-09-13 15:00:00,25.6,30.2,31.3,36.0,26.5
2025-09-13 15:10:00,25.7,30.1,31.3,36.0,26.5
2025-09-13 15:20:00,25.6,30.3,31.2,35.9,26.5
2025-09-13 15:30:00,25.9,30.1,31.2,35.9,26.5
2025-09-13 15:40:00,25.8,29.9,31.0,35.9,26.5
2025-09-13 15:50:00,25.7,30.0,31.2,35.7,26.4
2025-09-13 16:00:00,25.3,29.8,31.0,35.7,26.4
2025-09-13 16:10:00,25.7,29.9,30.9,35.4,26.3
2025-09-13 16:20:00,25.5,30.0,31.1,35.6,26.3
2025-09-13 16:30:00,25.4,29.8,31.1,35.5,26.2
2025-09-13 16:40:00,25.4,29.6,30.8,35.3,26.2
2025-09-13 16:50:00,25.2,29.7,30.7,35.2,26.1
2025-09-13 17:00:00,25.3,29.6,30.6,35.3,26.0
2025-09-13 17:10:00,25.3,29.5,30.6,35.5,26.0
2025-09-13 17:20:00,25.2,29.4,30.5,35.3,25.9
2025-09-13 17:30:00,25.1,29.3,30.4,35.3,25.8
2025-09-13 17:40:00,25.1,29.3,30.5,35.0,25.8
2025-09-13 17:50:00,25.0,29.3,30.4,34.9,25.7
2025-09-13 18:00:00,24.9,29.2,30.3,35.1,25.6
2025-09-13 18:10:00,24.9,29.1,30.3,35.1,25.5
2025-09-13 18:20:00,25.1,28.9,30.3,35.2,25.5
2025-09-13 18:30:00,24.8,29.2,30.2,34.9,25.6
2025-09-13 18:40:00,24.9,29.1,30.1,34.7,25.5
2025-09-13 18:50:00,24.8,28.8,30.1,34.9,25.5
2025-09-13 19:00:00,24.6,29.0,29.9,35.0,25.5
2025-09-13 19:10:00,24.7,29.2,29.7,34.7,25.4
2025-09-13 19:20:00,24.6,29.1,29.6,34.7,25.3
2025-09-13 19:30:00,24.7,29.1,29.4,34.5,25.3
2025-09-13 19:40:00,24.6,29.1,29.3,34.3,25.3
2025-09-13 19:50:00,24.6,29.2,29.3,34.4,25.2
2025-09-13 20:00:00,24.5,29.1,29.3,34.4,25.2
2025-09-13 20:10:00,24.4,28.9,29.2,34.3,25.1
2025-09-13 20:20:00,24.5,29.0,29.1,34.2,25.1
2025-09-13 20:30:00,24.4,29.0,29.1,33.9,25.1
2025-09-13 20:40:00,24.4,28.9,29.0,34.2,25.0
2025-09-13 20:50:00,24.4,28.6,29.0,33.9,25.0
2025-09-13 21:00:00,24.2,28.9,28.9,34.0,25.0
2025-09-13 21:10:00,24.2,28.8,28.9,34.1,25.0
2025-09-13 21:20:00,24.4,28.9,29.0,33.7,25.0
2025-09-13 21:30:00,24.3,28.9,28.8,34.1,24.9
2025-09-13 21:40:00,24.1,28.5,28.7,33.9,24.8
2025-09-13 21:50:00,24.1,28.8,28.7,33.8,24.9
2025-09-13 22:00:00,24.3,28.6,28.8,33.8,24.9
2025-09-13 22:10:00,24.0,28.6,28.7,33.7,24.8
2025-09-13 22:20:00,24.1,28.5,28.6,33.7,24.8
2025-09-13 22:30:00,24.1,28.5,28.6,33.6,24.7
2025-09-13 22:40:00,24.1,28.2,28.5,33.4,24.6
2025-09-13 22:50:00,23.9,28.4,28.5,33.5,24.6
2025-09-13 23:00:00,24.0,28.3,28.5,33.5,24.6
2025-09-13 23:10:00,23.9,28.4,28.5,33.5,24.5
2025-09-13 23:20:00,24.0,28.3,28.4,33.5,24.5
2025-09-13 23:30:00,23.7,28.4,28.6,33.5,24.4
2025-09-13 23:40:00,23.8,28.3,28.5,33.5,24.5
2025-09-13 23:50:00,23.8,28.3,28.5,33.4,24.5
2025-09-14 00:00:00,23.8,28.2,28.4,33.5,24.4
2025-09-14 00:10:00,23.7,28.0,28.5,33.3,24.3
2025-09-14 00:20:00,23.7,28.2,28.4,33.6,24.3
2025-09-14 00:30:00,23.6,27.7,28.3,33.1,24.3
2025-09-14 00:40:00,23.5,28.5,28.4,33.2,24.4
2025-09-14 00:50:00,23.5,27.6,28.3,33.4,24.2
2025-09-14 01:00:00,23.6,28.0,28.2,33.2,24.2
2025-09-14 01:10:00,23.4,27.9,28.1,33.2,24.1
2025-09-14 01:20:00,23.6,28.1,28.2,33.4,24.1
2025-09-14 01:30:00,23.4,27.7,28.1,33.2,24.2
2025-09-14 01:40:00,23.4,28.1,28.1,33.0,24.1
2025-09-14 01:50:00,23.5,27.9,28.2,33.4,24.1
2025-09-14 02:00:00,23.2,27.6,28.2,32.9,24.1
2025-09-14 02:10:00,23.3,27.9,28.1,32.9,24.0
2025-09-14 02:20:00,23.4,27.8,27.9,32.9,24.0
2025-09-14 02:30:00,23.3,28.0,28.0,32.9,24.0
2025-09-14 02:40:00,23.2,27.6,28.0,33.0,24.0
2025-09-14 02:50:00,23.3,27.6,28.1,33.1,24.0
2025-09-14 03:00:00,23.2,27.7,27.9,32.9,23.9
2025-09-14 03:10:00,23.1,27.6,28.0,32.7,23.9
2025-09-14 03:20:00,23.2,27.7,27.9,32.9,23.9
2025-09-14 03:30:00,23.1,27.6,27.8,33.1,23.9
2025-09-14 03:40:00,23.1,27.7,27.8,32.7,23.9
2025-09-14 03:50:00,23.1,27.5,27.7,32.8,23.8
2025-09-14 04:00:00,23.1,27.7,27.8,32.6,23.8
2025-09-14 04:10:00,23.0,27.6,27.8,32.2,23.9
2025-09-14 04:20:00,23.2,27.5,27.7,32.8,23.8
2025-09-14 04:30:00,23.3,27.3,27.7,32.6,23.8
2025-09-14 04:40:00,22.9,27.7,27.6,32.7,23.8
2025-09-14 04:50:00,23.4,27.4,27.6,32.7,23.8
2025-09-14 05:00:00,22.9,27.4,27.6,32.6,23.7
2025-09-14 05:10:00,22.9,27.4,27.5,32.7,23.7
2025-09-14 05:20:00,23.0,27.3,27.4,32.6,23.7
2025-09-14 05:30:00,22.9,27.5,27.5,32.5,23.7
2025-09-14 05:40:00,22.8,27.2,27.4,32.1,23.7
2025-09-14 05:50:00,22.8,27.2,27.4,32.6,23.6
2025-09-14 06:00:00,23.0,27.5,27.4,32.1,23.6
2025-09-14 06:10:00,22.8,27.2,27.2,32.4,23.6
2025-09-14 06:20:00,22.7,27.1,27.4,32.4,23.5
2025-09-14 06:30:00,22.5,27.1,27.2,32.2,23.4
2025-09-14 06:40:00,22.7,27.1,27.1,32.4,23.4
2025-09-14 06:50:00,22.6,27.1,27.2,32.2,23.4
2025-09-14 07:00:00,22.6,27.0,27.1,32.2,23.4
2025-09-14 07:10:00,22.6,27.3,27.1,32.1,23.4
2025-09-14 07:20:00,22.7,26.9,27.1,32.1,23.2
2025-09-14 07:30:00,22.6,27.2,27.1,32.1,23.3
2025-09-14 07:40:00,22.4,27.1,27.0,32.2,23.4
2025-09-14 07:50:00,22.5,27.0,27.1,31.9,23.3
2025-09-14 08:00:00,22.7,27.0,27.0,32.0,23.4
2025-09-14 08:10:00,22.8,27.0,27.2,32.4,23.3
2025-09-14 08:20:00,22.6,27.1,27.9,32.6,23.3
2025-09-14 08:30:00,22.7,27.3,27.8,32.5,23.5
2025-09-14 08:40:00,22.7,27.5,27.9,32.7,23.6
2025-09-14 08:50:00,22.8,27.4,28.3,33.0,23.7
2025-09-14 09:00:00,22.8,27.6,28.7,33.2,23.8
2025-09-14 09:10:00,23.0,27.7,28.8,33.5,23.9
2025-09-14 09:20:00,23.1,27.9,29.0,33.4,24.1
2025-09-14 09:30:00,23.3,28.1,29.2,33.8,24.2
2025-09-14 09:40:00,23.4,28.2,29.2,34.2,24.3
2025-09-14 09:50:00,23.5,28.4,29.2,34.1,24.5
2025-09-14 10:00:00,23.5,28.5,29.4,34.4,24.6
2025-09-14 10:10:00,23.7,28.6,29.6,34.3,24.7
2025-09-14 10:20:00,23.8,28.7,29.8,34.6,24.9
2025-09-14 10:30:00,23.9,28.8,30.1,34.1,25.1
2025-09-14 10:40:00,24.0,29.0,30.0,34.8,25.1
2025-09-14 10:50:00,24.1,29.2,30.1,35.3,25.3
2025-09-14 11:00:00,24.4,29.3,30.2,35.2,25.4
2025-09-14 11:10:00,24.5,29.4,30.4,34.5,25.5
2025-09-14 11:20:00,24.5,29.5,30.3,35.8,25.8
2025-09-14 11:30:00,24.6,29.6,30.6,35.3,25.8
2025-09-14 11:40:00,24.8,29.6,30.6,35.4,25.8
2025-09-14 11:50:00,24.8,29.7,30.6,35.6,26.0
2025-09-14 12:00:00,24.8,29.8,30.8,35.3,26.0
2025-09-14 12:10:00,25.0,29.8,30.9,35.1,26.1
2025-09-14 12:20:00,25.3,30.1,31.0,35.9,26.2
2025-09-14 12:30:00,25.0,30.0,31.1,35.5,26.1
2025-09-14 12:40:00,25.4,30.1,30.9,35.5,26.3
2025-09-14 12:50:00,25.4,30.2,31.1,35.2,26.5
2025-09-14 13:00:00,25.5,30.3,31.3,36.2,26.6
2025-09-14 13:10:00,25.6,30.5,31.5,36.1,26.7
2025-09-14 13:20:00,25.5,30.4,31.4,36.2,26.6
2025-09-14 13:30:00,25.6,30.4,31.5,36.4,26.7
2025-09-14 13:40:00,25.7,30.3,31.5,36.4,26.8
2025-09-14 13:50:00,25.7,30.5,31.3,36.5,26.8
2025-09-14 14:00:00,25.9,30.3,31.5,36.0,26.8
2025-09-14 14:10:00,25.7,30.3,31.5,36.5,26.8
2025-09-14 14:20:00,25.6,30.5,31.7,36.8,26.7
2025-09-14 14:30:00,25.9,30.4,31.5,36.2,26.9
2025-09-14 14:40:00,25.9,30.5,31.7,36.2,26.9
2025-09-14 14:50:00,25.8,30.2,31.5,36.4,26.9
2025-09-14 15:00:00,25.8,30.2,31.5,36.1,26.8
2025-09-14 15:10:00,25.9,30.3,31.2,36.3,26.9
2025-09-14 15:20:00,25.8,30.2,31.8,36.1,26.8
2025-09-14 15:30:00,25.9,30.3,31.3,35.8,26.8
2025-09-14 15:40:00,25.7,30.3,31.2,36.0,26.7
2025-09-14 15:50:00,25.9,30.0,31.1,35.8,26.7
2025-09-14 16:00:00,25.7,30.1,31.0,35.7,26.6
2025-09-14 16:10:00,25.6,29.9,31.2,35.8,26.5
2025-09-14 16:20:00,25.6,29.8,30.9,35.6,26.5
2025-09-14 16:30:00,25.6,29.8,31.2,35.5,26.4
2025-09-14 16:40:00,25.5,29.8,31.1,35.6,26.4
2025-09-14 16:50:00,25.5,29.8,30.9,35.5,26.2
2025-09-14 17:00:00,25.4,29.7,30.8,35.5,26.3
2025-09-14 17:10:00,25.3,29.6,30.7,35.5,26.2
2025-09-14 17:20:00,25.5,29.5,30.7,35.6,26.2
2025-09-14 17:30:00,25.3,29.7,30.7,35.2,26.1
2025-09-14 17:40:00,25.3,29.4,30.7,35.5,26.0
2025-09-14 17:50:00,25.3,29.5,30.8,35.2,26.0
2025-09-14 18:00:00,25.0,29.5,30.7,35.4,26.1
2025-09-14 18:10:00,25.2,29.3,30.8,35.0,26.0
2025-09-14 18:20:00,25.1,29.4,30.7,35.1,26.0
2025-09-14 18:30:00,25.0,29.3,30.6,35.3,25.9
2025-09-14 18:40:00,25.0,29.4,30.6,35.2,25.8
2025-09-14 18:50:00,25.0,29.2,30.6,35.1,25.8
2025-09-14 19:00:00,25.1,29.3,30.4,35.2,25.8
2025-09-14 19:10:00,24.9,29.3,30.4,34.9,25.8
2025-09-14 19:20:00,25.0,29.1,30.3,35.1,25.7
2025-09-14 19:30:00,24.8,29.1,30.3,34.8,25.7
2025-09-14 19:40:00,24.9,29.0,30.2,34.8,25.8
2025-09-14 19:50:00,24.8,29.1,30.1,34.9,25.6
2025-09-14 20:00:00,24.7,29.1,30.1,35.1,25.5
2025-09-14 20:10:00,24.8,29.2,30.1,34.9,25.5
2025-09-14 20:20:00,24.8,29.2,30.2,35.0,25.5
2025-09-14 20:30:00,24.6,29.2,29.9,35.2,25.4
2025-09-14 20:40:00,24.7,29.1,30.0,34.7,25.4
2025-09-14 20:50:00,24.6,29.1,29.9,34.8,25.4
2025-09-14 21:00:00,24.4,29.2,29.8,34.9,25.3
2025-09-14 21:10:00,24.7,28.9,29.9,34.6,25.4
2025-09-14 21:20:00,24.5,29.1,29.9,34.6,25.4
2025-09-14 21:30:00,24.7,29.2,29.8,34.9,25.3
2025-09-14 21:40:00,24.3,29.2,29.8,34.8,25.3
2025-09-14 21:50:00,24.4,29.1,29.7,34.9,25.3
2025-09-14 22:00:00,24.7,29.1,29.4,34.4,25.3
2025-09-14 22:10:00,24.6,29.0,29.4,34.7,25.3
2025-09-14 22:20:00,24.4,28.9,29.6,34.4,25.1
2025-09-14 22:30:00,24.5,29.1,29.5,34.5,25.2
2025-09-14 22:40:00,24.4,29.1,29.6,34.7,25.2
2025-09-14 22:50:00,24.3,29.0,29.5,34.3,25.1
2025-09-14 23:00:00,24.6,28.8,29.6,34.6,25.1
2025-09-14 23:10:00,24.3,28.8,29.6,34.5,25.2
2025-09-14 23:20:00,24.2,28.7,29.7,34.6,25.0
2025-09-14 23:30:00,24.4,28.9,29.6,34.4,25.1
2025-09-14 23:40:00,24.5,28.7,29.6,34.6,25.0
2025-09-14 23:50:00,24.3,28.9,29.7,34.8,25.1
2025-09-15 00:00:00,24.4,28.8,29.6,34.6,25.1
2025-09-15 00:10:00,24.2,28.7,29.5,34.6,25.0
2025-09-15 00:20:00,24.2,28.7,29.5,34.4,25.1
2025-09-15 00:30:00,24.1,28.8,29.6,34.7,25.0
2025-09-15 00:40:00,24.3,28.8,29.7,34.6,25.1
2025-09-15 00:50:00,24.2,28.8,29.5,34.6,25.0
2025-09-15 01:00:00,24.2,28.8,29.5,34.6,25.0
2025-09-15 01:10:00,24,28.6,29.5,34.5,25.0
2025-09-15 01:20:00,,28.8,29.6,34.4,25.0
2025-09-15 01:30:00,24.3,28.8,29.6,34.5,25.0
2025-09-15 01:40:00,24.3,28.6,29.5,34.5,24.9
2025-09-15 01:50:00,24.1,28.6,29.6,34.5,25.0
2025-09-15 02:00:00,24.2,28.9,29.6,34.7,25.0
2025-09-15 02:10:00,24.1,28.8,29.5,34.3,25.0
2025-09-15 02:20:00,24.0,28.9,29.4,34.4,25.0
2025-09-15 02:30:00,24.3,28.8,29.4,34.6,24.9
2025-09-15 02:40:00,24.0,28.7,29.5,34.3,24.9
2025-09-15 02:50:00,24.3,28.8,29.5,34.6,24.9
2025-09-15 03:00:00,24.0,28.5,29.5,34.4,24.9
2025-09-15 03:10:00,23.9,28.6,29.4,34.5,25.0
2025-09-15 03:20:00,24.4,28.6,29.5,34.3,24.9
2025-09-15 03:30:00,24.1,28.5,29.5,34.5,24.9
2025-09-15 03:40:00,23.9,28.7,29.4,34.6,24.8
2025-09-15 03:50:00,24.1,28.6,29.5,34.4,24.9
2025-09-15 04:00:00,24.1,28.7,29.4,34.5,24.8
2025-09-15 04:10:00,24.2,28.6,29.4,34.3,24.9
2025-09-15 04:20:00,24.3,28.7,29.4,34.5,24.8
2025-09-15 04:30:00,24.0,28.6,29.3,34.1,24.9
2025-09-15 04:40:00,24.0,28.5,29.4,34.3,24.8
2025-09-15 04:50:00,24.2,28.5,29.1,34.2,24.8
2025-09-15 05:00:00,24.0,28.5,28.9,34.1,24.7
2025-09-15 05:10:00,23.9,28.5,28.9,33.8,24.7
2025-09-15 05:20:00,24.3,28.6,28.7,34.1,24.7
2025-09-15 05:30:00,23.8,28.6,28.7,33.8,24.6
2025-09-15 05:40:00,24.1,28.5,28.7,33.8,24.6
2025-09-15 05:50:00,23.9,28.8,28.7,33.9,24.6
2025-09-15 06:00:00,23.8,28.5,28.7,33.8,24.6
2025-09-15 06:10:00,23.7,28.5,28.6,33.9,24.6
2025-09-15 06:20:00,23.8,28.4,28.6,33.8,24.6
2025-09-15 06:30:00,23.8,28.4,28.6,33.7,24.5
2025-09-15 06:40:00,23.9,28.5,28.5,33.7,24.5
2025-09-15 06:50:00,23.8,28.3,28.5,33.6,24.5
2025-09-15 07:00:00,23.9,28.5,28.6,33.4,24.5
2025-09-15 07:10:00,23.8,28.3,28.6,33.7,24.4
2025-09-15 07:20:00,23.8,28.5,28.5,33.7,24.4
2025-09-15 07:30:00,23.5,28.4,28.7,33.7,24.3
2025-09-15 07:40:00,23.6,28.3,28.6,33.7,24.3
2025-09-15 07:50:00,23.7,28.3,28.5,33.5,24.4
2025-09-15 08:00:00,23.4,28.3,28.6,33.7,24.3
2025-09-15 08:10:00,23.5,28.3,28.5,33.7,24.5
2025-09-15 08:20:00,23.9,28.2,28.8,33.9,24.5
2025-09-15 08:30:00,23.8,28.2,28.7,33.8,24.4
2025-09-15 08:40:00,23.6,28.1,28.5,33.5,24.4
2025-09-15 08:50:00,23.5,28,28.4,33.5,24.4
2025-09-15 09:00:00,23.5,28.2,28.4,33.5,24.3
2025-09-15 09:10:00,23.7,28.0,28.3,33.1,24.3
2025-09-15 09:20:00,23.6,27.6,28.6,33.3,24.1
2025-09-15 09:30:00,23.8,28.2,28.4,33.1,24.3
2025-09-15 09:40:00,23.9,28.4,28.7,33.4,24.5
2025-09-15 09:50:00,23.9,28.6,28.6,33.4,24.8
2025-09-15 10:00:00,24.0,28.5,28.6,33.4,24.9
2025-09-15 10:10:00,24.1,28.4,28.5,33.4,24.9
2025-09-15 10:20:00,24.2,28.7,29.0,33.7,25.0
2025-09-15 10:30:00,24.4,29.0,29.1,33.8,25.0
2025-09-15 10:40:00,24.2,28.7,29.0,33.7,25.2
2025-09-15 10:50:00,24.3,28.6,29.4,34.0,25.2
2025-09-15 11:00:00,24.3,29.0,29.1,33.7,25.1
2025-09-15 11:10:00,24.6,28.6,29.5,34.0,25.3
2025-09-15 11:20:00,24.5,29.0,29.5,33.9,25.5
2025-09-15 11:30:00,24.5,29.0,29.4,34.0,25.2
2025-09-15 11:40:00,24.6,28.9,29.6,33.9,25.4
2025-09-15 11:50:00,24.5,29.1,29.9,34.2,25.8
2025-09-15 12:00:00,24.9,29.5,30.0,34.4,25.9
2025-09-15 12:10:00,24.9,29.4,29.5,34.4,25.8
2025-09-15 12:20:00,24.8,29.2,29.7,34.1,25.6
2025-09-15 12:30:00,24.8,29.2,30.4,34.8,25.9
2025-09-15 12:40:00,24.6,29.8,30.6,35.1,26.1
2025-09-15 12:50:00,24.8,29.7,30.8,35.2,26.3
2025-09-15 13:00:00,24.8,29.6,30.2,34.7,26.2
2025-09-15 13:10:00,24.6,29.4,30.0,34.1,26.1
2025-09-15 13:20:00,24.7,29.2,29.6,34.1,26.0
2025-09-15 13:30:00,25.0,29.3,30.3,34.8,26.1
2025-09-15 13:40:00,25.0,29.9,30.8,35.5,26.3
2025-09-15 13:50:00,25.2,30.3,31.1,35.7,26.6
2025-09-15 14:00:00,25.1,30.3,31.3,35.8,26.8
2025-09-15 14:10:00,25.2,30.3,31.2,35.8,26.8
2025-09-15 14:20:00,25.4,30.3,31.1,35.8,26.8
2025-09-15 14:30:00,25.4,30.3,31.5,36.0,26.8
2025-09-15 14:40:00,25.5,30.1,30.6,35.2,26.6
2025-09-15 14:50:00,25.3,30.0,30.1,34.6,26.3
2025-09-15 15:00:00,25.4,29.9,30.5,34.5,26.4
2025-09-15 15:10:00,25.7,29.9,30.8,34.8,26.5
2025-09-15 15:20:00,25.6,29.9,30.7,34.7,26.6
2025-09-15 15:30:00,25.4,29.9,30.7,34.8,26.6
2025-09-15 15:40:00,25.4,29.6,30.7,34.7,26.5
2025-09-15 15:50:00,25.2,29.8,30.7,34.6,26.5
2025-09-15 16:00:00,25.4,29.7,30.5,34.6,26.5
2025-09-15 16:10:00,25.3,29.9,30.3,34.5,26.4
2025-09-15 16:20:00,25.4,29.7,30.3,34.5,26.5
2025-09-15 16:30:00,25.7,29.7,30.3,34.5,26.5
2025-09-15 16:40:00,25.3,29.7,30.3,34.5,26.4
2025-09-15 16:50:00,25.3,29.7,30.0,34.5,26.1
2025-09-15 17:00:00,25.2,29.5,30.3,34.7,26.2
2025-09-15 17:10:00,25.1,29.8,30.7,35.1,26.4
2025-09-15 17:20:00,25.1,29.4,30.8,35.1,26.3
2025-09-15 17:30:00,25.0,29.6,30.4,35.0,26.2
2025-09-15 17:40:00,25.2,29.6,30.1,34.8,26.2
2025-09-15 17:50:00,25.0,29.7,29.9,34.5,26.1
2025-09-15 18:00:00,24.9,29.5,29.7,34.6,26.0
2025-09-15 18:10:00,24.8,29.4,29.6,34.5,26.0
2025-09-15 18:20:00,24.9,29.4,29.6,34.5,26.0
2025-09-15 18:30:00,24.6,29.3,29.4,34.4,25.9
2025-09-15 18:40:00,24.9,29.4,29.4,34.3,25.8
2025-09-15 18:50:00,24.4,29.3,29.4,34.4,25.8
2025-09-15 19:00:00,24.5,29.2,29.3,34.1,25.7
2025-09-15 19:10:00,24.6,29.3,29.5,34.1,25.6
2025-09-15 19:20:00,24.5,29.0,29.4,34.0,25.6
2025-09-15 19:30:00,24.4,29.0,29.3,34.1,25.5
2025-09-15 19:40:00,24.5,29.1,29.2,34.0,25.5
2025-09-15 19:50:00,24.4,28.9,29.2,34.0,25.5
2025-09-15 20:00:00,24.4,29.1,29.1,34.1,25.3
2025-09-15 20:10:00,24.4,29.0,29.1,34.0,25.3
2025-09-15 20:20:00,24.3,28.9,29.1,33.9,25.4
2025-09-15 20:30:00,24.3,28.9,29.1,33.9,25.3
2025-09-15 20:40:00,24.2,28.8,29.2,33.7,25.2
2025-09-15 20:50:00,24.3,29.0,29.2,33.9,25.3
2025-09-15 21:00:00,24.2,28.7,29.1,33.6,25.2
2025-09-15 21:10:00,24.2,28.6,29.2,33.8,25.1
2025-09-15 21:20:00,24.0,28.7,29.1,33.8,25.1
2025-09-15 21:30:00,24.1,28.9,29.2,33.9,25.2
2025-09-15 21:40:00,24.0,28.7,29.1,33.9,25.1
2025-09-15 21:50:00,23.9,28.8,28.9,33.6,25.1
2025-09-15 22:00:00,24.0,28.7,29.0,33.8,25.1
2025-09-15 22:10:00,24.0,28.5,29.0,33.5,25.1
2025-09-15 22:20:00,24.0,28.5,29.0,33.6,25.1
2025-09-15 22:30:00,23.9,28.6,28.9,33.6,25.0
2025-09-15 22:40:00,23.9,28.4,28.9,33.4,24.9
2025-09-15 22:50:00,23.8,28.4,28.9,33.5,25.0
2025-09-15 23:00:00,23.9,28.4,28.8,33.5,24.9
2025-09-15 23:10:00,23.8,28.6,28.8,33.6,24.9
2025-09-15 23:20:00,23.8,28.6,28.8,33.5,24.8
2025-09-15 23:30:00,23.8,28.3,28.7,33.2,24.8
2025-09-15 23:40:00,23.8,28.3,28.7,33.3,24.8
2025-09-15 23:50:00,23.6,28.2,28.7,33.3,24.8
2025-09-16 00:00:00,23.7,28.3,28.7,33.5,24.7
2025-09-16 00:10:00,23.7,28.6,28.6,33.3,24.7
2025-09-16 00:20:00,,28.1,28.6,33.0,24.7
2025-09-16 00:30:00,23.7,28.3,28.5,33.2,24.7
2025-09-16 00:40:00,23.6,28.2,28.5,33.3,24.7
2025-09-16 00:50:00,23.5,28.2,28.6,33.3,24.7
2025-09-16 01:00:00,23.7,27.9,28.4,33.2,24.6
2025-09-16 01:10:00,23.4,28.4,28.5,33.2,24.7
2025-09-16 01:20:00,23.6,28.1,28.4,33.1,24.6
2025-09-16 01:30:00,23.6,28.0,28.4,33.1,24.6
2025-09-16 01:40:00,23.6,28.1,28.4,33.0,24.6
2025-09-16 01:50:00,23.5,28.3,28.3,33.0,24.6
2025-09-16 02:00:00,23.6,28.5,28.2,32.9,24.6
2025-09-16 02:10:00,23.6,27.9,28.4,32.9,24.5
2025-09-16 02:20:00,23.5,28.0,28.2,32.8,24.5
2025-09-16 02:30:00,23.4,27.9,28.2,32.8,24.5
2025-09-16 02:40:00,23.3,27.5,28.3,32.8,24.5
2025-09-16 02:50:00,23.4,27.7,28.2,32.9,24.5
2025-09-16 03:00:00,23.4,27.7,28.0,32.7,24.4
2025-09-16 03:10:00,23.3,27.8,28.1,32.9,24.4
2025-09-16 03:20:00,23.3,27.7,28.1,32.7,24.4
2025-09-16 03:30:00,23.3,27.8,28.2,32.7,24.3
2025-09-16 03:40:00,23.3,27.8,28.2,32.8,24.4
2025-09-16 03:50:00,23.2,27.9,28.1,32.7,24.3
2025-09-16 04:00:00,23.2,27.6,27.9,32.4,24.3
2025-09-16 04:10:00,23.3,27.6,28.0,32.6,24.2
2025-09-16 04:20:00,23.1,27.7,27.9,32.7,24.3
2025-09-16 04:30:00,23.2,27.7,28.0,32.8,24.3
2025-09-16 04:40:00,23.1,27.7,28.0,32.6,24.2
2025-09-16 04:50:00,23.2,27.5,28.0,32.6,24.2
2025-09-16 05:00:00,23.0,27.6,27.9,32.6,24.2
2025-09-16 05:10:00,23.1,27.6,27.9,32.5,24.2
2025-09-16 05:20:00,23.2,27.6,27.8,32.5,24.1
2025-09-16 05:30:00,22.9,27.5,27.8,32.4,24.1
2025-09-16 05:40:00,22.9,27.7,27.7,32.5,24.1
2025-09-16 05:50:00,23.0,27.3,27.8,32.2,24.1
2025-09-16 06:00:00,22.8,27.4,27.8,32.1,24.1
2025-09-16 06:10:00,22.9,27.9,27.7,32.4,24.1
2025-09-16 06:20:00,23.0,27.7,27.7,32.4,24.0
2025-09-16 06:30:00,22.8,27.8,27.7,32.4,24.1
2025-09-16 06:40:00,23.0,27.8,27.6,32.4,24.0
2025-09-16 06:50:00,22.8,27.5,27.6,32.4,24.0
2025-09-16 07:00:00,22.8,27.5,27.5,32.4,24.0
2025-09-16 07:10:00,22.9,27.6,27.6,32.4,24.0
2025-09-16 07:20:00,22.9,27.7,27.5,32.4,23.9
2025-09-16 07:30:00,22.8,27.6,27.4,32.2,23.9
2025-09-16 07:40:00,22.8,27.9,27.5,32.2,23.9
2025-09-16 07:50:00,22.9,27.5,27.7,32.4,23.8
2025-09-16 08:00:00,22.6,27.4,27.6,32.4,23.8
2025-09-16 08:10:00,22.9,27.5,27.5,32.3,23.8
2025-09-16 08:20:00,22.8,27.6,28.1,32.5,23.9
2025-09-16 08:30:00,22.8,27.7,28.0,32.7,24.0
2025-09-16 08:40:00,22.7,27.7,27.9,32.6,24.0
2025-09-16 08:50:00,23.2,27.7,27.9,32.6,23.9
2025-09-16 09:00:00,23.0,27.6,27.7,32.6,24.0
2025-09-16 09:10:00,22.8,27.3,27.6,32.4,23.7
2025-09-16 09:20:00,22.7,26.9,27.1,32.1,23.5
2025-09-16 09:30:00,22.7,27.0,27.2,32.2,23.5
2025-09-16 09:40:00,22.9,27.4,27.9,32.3,23.8
2025-09-16 09:50:00,23.1,27.7,28.2,32.6,24.1
2025-09-16 10:00:00,23.2,28.0,28.7,32.9,24.4
2025-09-16 10:10:00,23.5,28.2,28.9,33.2,24.7
2025-09-16 10:20:00,23.6,28.4,29.2,33.4,24.9
2025-09-16 10:30:00,23.8,28.6,29.2,33.5,24.9
2025-09-16 10:40:00,23.8,28.7,29.4,33.6,25.2
2025-09-16 10:50:00,23.8,28.8,29.4,33.7,25.2
2025-09-16 11:00:00,24.0,28.7,29.3,33.7,25.4
2025-09-16 11:10:00,24.1,28.9,29.5,33.7,25.4
2025-09-16 11:20:00,24.2,29.0,29.7,33.8,25.5
2025-09-16 11:30:00,24.2,29.1,29.6,33.9,25.5
2025-09-16 11:40:00,24.2,29.0,29.8,33.9,25.6
2025-09-16 11:50:00,24.4,29.1,29.8,33.9,25.7
2025-09-16 12:00:00,24.3,29.1,29.8,33.8,25.7
2025-09-16 12:10:00,24.7,29.2,30.0,34.3,25.7
2025-09-16 12:20:00,24.7,29.3,30.4,34.4,25.8
2025-09-16 12:30:00,24.6,29.2,30.2,34.6,25.8
2025-09-16 12:40:00,24.5,29.2,30.1,34.5,25.8
2025-09-16 12:50:00,24.6,29.3,29.8,34.4,25.7
2025-09-16 13:00:00,24.6,29.3,30.0,34.6,25.8
2025-09-16 13:10:00,24.6,29.6,30.6,35.0,26.0
2025-09-16 13:20:00,24.6,29.3,30.1,34.6,25.9
2025-09-16 13:30:00,24.7,29.4,30.3,34.9,25.9
2025-09-16 13:40:00,24.6,29.2,30.3,34.5,25.8
2025-09-16 13:50:00,24.7,29.0,30.0,34.3,25.7
2025-09-16 14:00:00,24.4,29.0,29.6,34.0,25.6
2025-09-16 14:10:00,24.3,28.8,28.9,33.7,25.3
2025-09-16 14:20:00,24.2,28.8,28.9,33.8,25.3
2025-09-16 14:30:00,24.1,28.6,28.7,33.6,25.2
2025-09-16 14:40:00,24.1,28.6,28.8,33.6,25.1
2025-09-16 14:50:00,24.1,28.6,29.1,33.4,25.2
2025-09-16 15:00:00,24.3,28.9,29.4,33.7,25.4
2025-09-16 15:10:00,24.3,29.1,29.6,34.0,25.5
2025-09-16 15:20:00,24.4,29.2,29.8,34.2,25.5
2025-09-16 15:30:00,24.5,29.2,29.8,34.2,25.7
2025-09-16 15:40:00,24.6,29.2,30.0,34.4,25.8
2025-09-16 15:50:00,24.7,29.5,30.0,34.3,25.9
2025-09-16 16:00:00,24.5,29.3,29.7,34.4,25.7
2025-09-16 16:10:00,24.6,29.5,30.0,34.3,25.8
2025-09-16 16:20:00,24.6,29.4,30.1,34.3,25.8
2025-09-16 16:30:00,24.6,29.3,30.0,34.2,25.8
2025-09-16 16:40:00,24.8,29.3,30.0,34.3,25.9
2025-09-16 16:50:00,25.5,29.3,30.3,34.3,26.0
2025-09-16 17:00:00,24.6,29.3,30.0,34.6,26.0
2025-09-16 17:10:00,24.9,29.5,30.6,34.8,26.1
2025-09-16 17:20:00,24.8,29.2,30.3,34.6,26.0
2025-09-16 17:30:00,24.8,29.2,30.4,34.6,25.9
2025-09-16 17:40:00,24.7,29.3,30.2,34.6,25.8
2025-09-16 17:50:00,24.6,29.1,30.0,34.6,25.7
2025-09-16 18:00:00,24.7,29.0,30.1,34.3,25.7
2025-09-16 18:10:00,24.6,29.0,30.0,34.7,25.7
2025-09-16 18:20:00,24.6,29,29.8,34.0,25.6
2025-09-16 18:30:00,24.4,29.0,29.6,33.8,25.5
2025-09-16 18:40:00,24.4,28.9,29.8,34.0,25.5
2025-09-16 18:50:00,24.4,28.9,29.6,34.6,25.5
2025-09-16 19:00:00,24.2,28.8,29.5,34.4,25.4
2025-09-16 19:10:00,24.3,28.8,29.5,34.3,25.4
2025-09-16 19:20:00,24.1,28.8,29.6,34.5,25.3
2025-09-16 19:30:00,24.1,28.8,29.5,34.1,25.3
2025-09-16 19:40:00,24.3,28.6,29.5,34.0,25.2
2025-09-16 19:50:00,24.0,28.8,29.4,34.3,25.2
2025-09-16 20:00:00,24.0,28.8,29.5,34.1,25.1
2025-09-16 20:10:00,24.0,28.6,29.5,34.2,25.1
2025-09-16 20:20:00,24.0,28.6,29.2,34.0,25.1
2025-09-16 20:30:00,24.0,28.5,29.2,33.8,25.0
2025-09-16 20:40:00,23.8,28.6,29.0,33.9,24.9
2025-09-16 20:50:00,24.0,28.6,29.0,33.7,25.0
2025-09-16 21:00:00,23.9,28.7,29.0,33.5,24.9
2025-09-16 21:10:00,23.9,28.6,28.7,33.7,24.9
2025-09-16 21:20:00,23.7,28.4,28.8,33.8,25.0
2025-09-16 21:30:00,23.9,28.5,28.6,33.5,24.8
2025-09-16 21:40:00,23.7,28.4,28.6,33.6,24.8
2025-09-16 21:50:00,23.7,28.6,28.6,33.4,24.8
2025-09-16 22:00:00,23.7,28.5,28.6,33.3,24.8
2025-09-16 22:10:00,23.8,28.5,28.7,33.5,24.8
2025-09-16 22:20:00,23.6,28.5,28.7,33.5,24.7
2025-09-16 22:30:00,23.9,28.5,28.7,33.6,24.7
2025-09-16 22:40:00,23.6,28.3,28.7,33.5,24.7
2025-09-16 22:50:00,23.6,28.4,28.7,33.5,24.6
2025-09-16 23:00:00,23.7,28.2,28.8,33.4,24.6
2025-09-16 23:10:00,23.5,28.3,28.5,33.4,24.6
2025-09-16 23:20:00,23.7,28.3,28.5,33.3,24.6
2025-09-16 23:30:00,23.5,28.3,28.5,33.3,24.6
2025-09-16 23:40:00,23.5,28.3,28.5,33.2,24.5
2025-09-16 23:50:00,23.3,28.0,28.3,32.9,24.6
2025-09-17 00:00:00,23.5,28.1,28.3,33.0,24.5
2025-09-17 00:10:00,23.3,28.2,28.4,33.1,24.4
2025-09-17 00:20:00,23.4,28.2,28.4,33.1,24.5
2025-09-17 00:30:00,23.4,28.2,28.4,33.0,24.4
2025-09-17 00:40:00,23.3,27.9,28.4,33.2,24.4
2025-09-17 00:50:00,23.3,28.0,28.4,33.0,24.4
2025-09-17 01:00:00,23.2,28.2,28.4,32.9,24.4
2025-09-17 01:10:00,23.4,27.9,28.2,32.9,24.3
2025-09-17 01:20:00,23.1,27.9,28.4,32.9,24.3
2025-09-17 01:30:00,23.3,28.0,28.3,33.0,24.3
2025-09-17 01:40:00,23.3,28.1,28.4,32.7,24.2
2025-09-17 01:50:00,23.1,27.9,28.5,32.7,24.2
2025-09-17 02:00:00,23.3,27.9,28.2,32.8,24.2
2025-09-17 02:10:00,23.3,27.8,28.3,32.9,24.2
2025-09-17 02:20:00,23.0,27.7,28.3,32.8,24.2
2025-09-17 02:30:00,23.1,27.7,28.4,32.8,24.1
2025-09-17 02:40:00,23.0,27.7,28.2,32.8,24.1
2025-09-17 02:50:00,23.0,27.8,28.3,32.8,24.1
2025-09-17 03:00:00,23.0,27.5,28.3,32.7,24.1
2025-09-17 03:10:00,23.0,27.6,28.4,32.8,24.1
2025-09-17 03:20:00,22.8,27.7,28.0,32.7,24.0
2025-09-17 03:30:00,22.9,27.7,28.2,32.8,24.0
2025-09-17 03:40:00,23.0,27.6,28.2,32.7,24.0
2025-09-17 03:50:00,22.9,27.8,28.3,32.8,24.0
2025-09-17 04:00:00,22.9,27.5,28.2,32.6,23.9
2025-09-17 04:10:00,22.9,27.5,28.2,32.7,23.9
2025-09-17 04:20:00,22.8,27.4,28.1,32.7,23.9
2025-09-17 04:30:00,22.7,27.4,28.0,32.6,23.9
2025-09-17 04:40:00,22.8,27.5,28.0,32.5,23.8
2025-09-17 04:50:00,22.7,27.5,27.9,32.5,23.8
2025-09-17 05:00:00,22.8,27.3,28.0,32.4,23.8
2025-09-17 05:10:00,22.8,27.5,27.8,32.4,23.8
2025-09-17 05:20:00,22.8,27.6,27.9,32.5,23.8
2025-09-17 05:30:00,22.5,27.3,27.9,32.3,23.7
2025-09-17 05:40:00,22.5,27.3,27.7,32.3,23.7
2025-09-17 05:50:00,22.6,27.3,27.8,32.2,23.7
2025-09-17 06:00:00,22.6,27.3,28.0,32.3,23.7
2025-09-17 06:10:00,22.5,27.1,27.6,32.3,23.7
2025-09-17 06:20:00,22.5,27.1,27.7,32.2,23.6
2025-09-17 06:30:00,22.6,27.3,27.7,32.0,23.6
2025-09-17 06:40:00,22.6,27.2,27.7,32.2,23.6
2025-09-17 06:50:00,22.4,27.0,27.6,32.1,23.5
2025-09-17 07:00:00,22.7,27.1,27.6,32.2,23.5
2025-09-17 07:10:00,22.6,27.0,27.6,32.2,23.5
2025-09-17 07:20:00,22.4,27.2,27.5,32.2,23.6
2025-09-17 07:30:00,22.4,27.2,27.6,32.1,23.5
2025-09-17 07:40:00,22.5,27.2,27.5,32.0,23.5
2025-09-17 07:50:00,22.4,27.2,27.7,32.1,23.4
2025-09-17 08:00:00,,27.0,27.6,32.2,23.4
2025-09-17 08:10:00,22.2,27.0,27.6,32.2,23.4
2025-09-17 08:20:00,22.4,26.9,27.6,32.2,23.3
2025-09-17 08:30:00,22.2,28.8,27.6,31.9,23.4
2025-09-17 08:40:00,22.2,27.5,27.6,32.2,23.3
2025-09-17 08:50:00,22.3,27.0,27.7,31.9,23.3
2025-09-17 09:00:00,22.3,27.0,27.6,32.3,23.4
2025-09-17 09:10:00,22.4,27.1,27.7,32.2,23.3
2025-09-17 09:20:00,22.2,26.9,27.5,32.1,23.4
2025-09-17 09:30:00,22.1,27.0,27.5,32.0,23.3
2025-09-17 09:40:00,22.3,26.9,27.4,32.4,23.3
2025-09-17 09:50:00,22.1,26.9,27.4,32.4,23.3
2025-09-17 10:00:00,22.1,26.9,27.5,32.2,23.3
2025-09-17 10:10:00,22.4,26.9,27.6,32.6,23.3
2025-09-17 10:20:00,22.3,26.9,27.5,32.2,23.3
2025-09-17 10:30:00,22.2,26.9,27.6,32.1,23.3
2025-09-17 10:40:00,22.2,26.9,27.6,32.5,23.4
2025-09-17 10:50:00,22.4,28.3,27.5,32.0,23.4
2025-09-17 11:00:00,22.2,27.1,27.5,32.6,23.3
2025-09-17 11:10:00,22.4,27.0,27.5,32.4,23.4
2025-09-17 11:20:00,22.3,26.9,27.5,32.5,23.4
2025-09-17 11:30:00,22.2,26.9,27.5,32.4,23.4
2025-09-17 11:40:00,22.2,28.1,27.5,32.3,23.4
2025-09-17 11:50:00,22.3,28.0,27.9,32.6,23.5
2025-09-17 12:00:00,22.4,27.0,28.1,32.3,23.6